autor;frase_original;fonte_original;status_original;resolucao;justificativa_e_fonte
Simone de Beauvoir;O problema da mulher sempre foi um problema dos homens.;Citada de forma consistente em múltiplas fontes jornalísticas e educacionais independentes (ex.: La Nación), sem localização exata confirmada em obra específica;A-;removida;"Introdução de O Segundo Sexo lida na íntegra nesta rodada (tradução de Parshley, texto reproduzido pela SJSU): a frase não consta; o livro completo não foi consultado. Fonte do registro: reprodução em fontes educacionais, sem localização. Reabrir só com capítulo e página."
Simone de Beauvoir;O opressor não seria tão forte se não tivesse cúmplices entre os próprios oprimidos.;Citada de forma consistente em múltiplas coletâneas educacionais e acadêmicas independentes, sem localização exata confirmada em obra específica;A-;removida;"Introdução de O Segundo Sexo lida na íntegra nesta rodada (tradução de Parshley): a frase não consta (aparece apenas o tema da ""cumplicidade"" da mulher); o livro completo não foi consultado. Reabrir só com capítulo e página."
Júlio César;Vim, vi e venci.;Atribuído por Suetônio e Plutarco, após a Batalha de Zela (47 a.C.);A-;mantida-com-fonte-melhorada;"Frase proclamada em latim (“Veni, vidi, vici”). Relatada por Plutarco e Suetônio; não existe original preservado. Conferida em Plutarco (trad. Perrin) e no trecho de Suetônio citado em artigo da Classical Quarterly. Fonte atual: Plutarco, Vida de César, 50.2 (carta a Amâncio); Suetônio, Divus Iulius, 37.2 (cartaz no triunfo pôntico, 46 a.C.)"
Buda;"A raiva é como segurar uma brasa com a intenção de atirá-la em alguém; você é quem se queima.";Tradição atribuída ao cânone páli;A;removida;"Atribuição popular sem passagem do cânone páli identificada; a fonte do registro era genérica (""tradição atribuída ao cânone páli""). Não localizada nesta rodada."
Darcy Ribeiro;"A crise da educação no Brasil não é uma crise; é um projeto.";Atribuído em entrevistas e registrado em O Povo Brasileiro;A;removida;"A fonte do registro (""registrado em O Povo Brasileiro"") não foi verificada e a frase não foi localizada em obra, discurso ou entrevista de Darcy Ribeiro nesta rodada."
Aristóteles;A amizade é uma alma que habita dois corpos.;Atribuído por Diógenes Laércio, Vidas dos Filósofos, V;A;mantida-com-fonte-melhorada;Dito de Aristóteles transmitido por Diógenes Laércio, não texto do próprio Aristóteles. Grego conferido na edição Hicks (Perseus). Tradução própria. Fonte atual: Diógenes Laércio, Vidas e Doutrinas dos Filósofos Ilustres, V, 20 (ed. Hicks)
Theodore Levitt;"As pessoas não querem uma broca de um quarto de polegada; querem um furo de um quarto de polegada.";Atribuído por Levitt a Leo McGivena em A Imaginação de Marketing;A;removida;O próprio registro diz que Levitt a atribui a Leo McGivena (A Imaginação de Marketing): a máxima não é dele. Reatribuir exigiria autor novo no catálogo, fora do escopo. Edição de A Imaginação de Marketing não consultada.
Fernando Pessoa;"Navegar é preciso; viver não é preciso.";Navegar é Preciso, poema atribuído a Álvaro de Campos;A;removida;"O lema ""navegar é preciso; viver não é preciso"" é antigo (a tradição o atribui a Pompeu, relatado por Plutarco; conhecimento geral, não reconsultado nesta rodada) e a fonte do registro (""poema atribuído a Álvaro de Campos"") não foi confirmada. Fica fora até haver a passagem de Pessoa e a localização."
Gustave Flaubert;Madame Bovary sou eu.;Atribuído a Flaubert e registrado por seus contemporâneos, sem carta ou texto localizado;A-;removida;"Frase atribuída a Flaubert por contemporâneos, sem carta ou registro primário: o próprio registro diz ""sem carta o…"". Não localizada nesta rodada."
Eurípides;Quem os deuses querem destruir, primeiro enlouquecem.;Fragmento atribuído a Eurípides, transmitido por autores posteriores;A;removida;"Fragmento ""atribuído a Eurípides"" e transmitido por autores posteriores, sem identificação do fragmento (numeração Nauck/Kannicht) nem do transmissor. Não localizada em obra preservada."
Harry Markowitz;A diversificação é o único almoço grátis em finanças.;Atribuído a Markowitz e repetido por ele em entrevistas;A-;removida;Frase repetida em entrevistas segundo o registro, sem entrevista identificada. Não localizada nesta rodada.
Harriet Beecher Stowe;Nunca desista, pois esse é o lugar e o momento em que a maré vai virar.;Atribuído a Stowe em coletâneas, sem localização em sua obra;A-;removida (lote 1);"Removida em 03/10/2026, lote 1 de lacunas: forma contraída moderna sem fonte primária; ver registro de remoções."
Reinhold Niebuhr;Concedei-me serenidade para aceitar as coisas que não posso mudar, coragem para mudar as que posso e sabedoria para distinguir umas das outras.;Oração da serenidade, atribuída a Niebuhr e datada de cerca de 1943;A;mantida-com-texto-corrigido;"Autoria de Niebuhr considerada provável, não certa (Shapiro estima cerca de 80%; uma referência de 1937 já lhe atribui forma anterior). O texto anterior do acervo era a versão curta popularizada pelos Alcoólicos Anônimos, que não é a de Niebuhr. Tradução própria. Fonte atual: Oração da Serenidade (1943; texto preferido pela família, publicado por Elisabeth Sifton em The Serenity Prayer, 2003)"
Louis Armstrong;Se você tem de perguntar o que é jazz, nunca vai saber.;Atribuído a Armstrong e reproduzido em entrevistas, sem registro primário localizado;A-;removida;"Sem registro primário identificado (o próprio registro diz ""sem registro primário""). Não localizada nesta rodada."
Anaïs Nin;E veio o dia em que o risco de permanecer fechada em botão era mais doloroso que o risco de florescer.;Anotação nos diários, atribuída a 1979;A;removida;"Texto não localizado nos diários de Nin (o registro dizia ""anotação nos diários, atribuída a 1979"", sem volume); a literatura de checagem de citações indica origem em outra autora (não reconsultada nesta rodada)."
Sholom Aleichem;A vida é um sonho para os sábios, um jogo para os tolos, uma comédia para os ricos e uma tragédia para os pobres.;Atribuído a Sholom Aleichem em coletâneas, sem obra localizada;A-;removida;Atribuída a Sholom Aleichem em coletâneas, sem obra localizada. Não encontrada nesta rodada.
Arthur Ashe;Comece de onde você está. Use o que você tem. Faça o que você pode.;Atribuído a Ashe e reproduzido em entrevistas;A-;removida;"Sem localização (""reproduzida em entrevistas"", sem entrevista identificada). A fórmula ""comece onde você está, use o que tem, faça o que pode"" é anterior e tem outras atribuições; não resolvido nesta rodada."
Mário Quintana;O segredo é não correr atrás das borboletas. É cuidar do jardim para que elas venham até você.;Atribuído a Quintana em coletâneas, sem localização em sua obra;A-;removida;Atribuída a Quintana em coletâneas, sem localização em sua obra. Não localizada nesta rodada.
Fernando Pessoa;Tenho em mim todos os sonhos do mundo.;Tabacaria (1928), atribuído a Álvaro de Campos;A;mantida-com-fonte-melhorada;"Verso do trecho inicial do poema (datado de 15-1-1928); a voz é a do heterônimo Álvaro de Campos. Conferido em várias reproduções do poema; edição impressa de base não identificada. Fonte atual: “Tabacaria” (1928), de Álvaro de Campos, heterônimo de Fernando Pessoa; publicado em Presença, 1933"
Fernando Pessoa;Tudo o que sinto é sentido para eu escrever que o sinto.;O Livro do Desassossego, atribuído a Bernardo Soares;A;removida;"Sem localização no Livro do Desassossego (o registro não indicava fragmento); não encontrada nesta rodada."
Michelangelo;Eu vi o anjo no mármore e esculpi até libertá-lo.;Atribuído a Michelangelo em coletâneas, sem localização em suas cartas;A-;removida;"Sem localização nas cartas ou poemas de Michelangelo; a fonte do registro é genérica. Não localizada nesta rodada."
Michelangelo;Ainda estou aprendendo.;"Atribuído a Michelangelo aos 87 anos; sem registro documental contemporâneo";A-;removida;Atribuída a Michelangelo aos 87 anos sem registro documental contemporâneo (palavras do próprio registro). Não localizada nesta rodada.
Pablo Picasso;A arte lava da alma a poeira do dia a dia.;Atribuído a Picasso em coletâneas, sem registro primário localizado;A-;removida;Sem registro primário localizado de Picasso (palavras do próprio registro). Não encontrada nesta rodada.
Charles Chaplin;Um dia sem rir é um dia desperdiçado.;Atribuído a Chaplin em coletâneas, sem registro primário localizado;A-;removida;"Sem registro primário localizado de Chaplin (palavras do próprio registro); a literatura de checagem de citações indica outra origem (não reconsultada nesta rodada)."
Francisco de Assis;Comece fazendo o necessário, depois o possível, e de repente estará fazendo o impossível.;Atribuído a Francisco em coletâneas, sem localização em suas fontes primárias;A-;removida;Atribuída a Francisco de Assis em coletâneas, sem localização nas fontes franciscanas primárias (palavras do próprio registro). Não localizada nesta rodada.
Martinho Lutero;"Aqui estou; não posso fazer de outro modo.";"Atribuído a Lutero na Dieta de Worms (1521); as últimas palavras não constam das atas";A-;removida;"As palavras ""Aqui estou; não posso fazer de outro modo"" não constam dos relatos de testemunhas do discurso em Worms (1521), segundo o próprio registro; a autenticidade como fala de Lutero é discutida. Não comprovada nesta rodada."
Rumi;Ontem eu era esperto e queria mudar o mundo. Hoje sou sábio e estou mudando a mim mesmo.;Atribuído a Rumi em coletâneas, sem localização em sua obra;A-;removida;Atribuída a Rumi em coletâneas, sem localização em sua obra (palavras do próprio registro). Não localizada nesta rodada.
Dalai Lama;Se você acha que é pequeno demais para fazer diferença, tente dormir com um mosquito.;Atribuído ao Dalai Lama em coletâneas, sem registro primário localizado;A-;removida;Sem registro primário do Dalai Lama (palavras do próprio registro). Não localizada nesta rodada.
Oprah Winfrey;Faça o seu melhor até saber mais. Quando souber mais, faça melhor.;Atribuído a Oprah citando Maya Angelou;A-;removida;"O próprio registro diz que Oprah cita Maya Angelou; a frase não é dela. Reatribuir à Angelou exigiria localizar a fala dela com redação exata, o que não foi feito nesta rodada."
Mao Tsé-Tung;Uma jornada de mil milhas começa com um único passo — provérbio chinês que ele repetia.;"Provérbio de origem taoista, atribuído a Lao Tsé; repetido por Mao em discursos";A-;removida;"Provérbio de origem taoista (Tao Te Ching, 64) apenas repetido por Mao, segundo o próprio registro; sem passagem de Mao localizada. Não mantida sob o nome dele."
Fiódor Dostoiévski;Se Deus não existe, tudo é permitido.;Os Irmãos Karamázov (1880), formulação atribuída a Ivan no romance;A-;mantida-com-texto-corrigido;Fala de personagem. A fórmula popular “Se Deus não existe, tudo é permitido” não consta literalmente no romance (texto de Constance Garnett conferido): o livro traz “não há virtude se não há imortalidade” e, na boca de outros personagens, “tudo é lícito”. Tradução própria da versão inglesa. Fonte atual: Os Irmãos Karamázov (1880), parte I, livro II, cap. 6 (fala de Ivan Karamázov)
Epicteto;Temos duas orelhas e uma boca para ouvirmos o dobro do que falamos.;Atribuído a Epicteto por Diógenes Laércio;A-;removida;"Atribuída a Epicteto ""por Diógenes Laércio"", sem localização; a fonte do registro não foi confirmada nesta rodada e a fórmula tem outras atribuições na tradição antiga (não reverificado)."
Stephen Hawking;A inteligência é a capacidade de se adaptar à mudança.;Atribuído a Hawking em coletâneas, sem localização em sua obra;A-;removida;Atribuída a Hawking em coletâneas, sem localização em sua obra (palavras do próprio registro). Não localizada nesta rodada.
Charles Chaplin;Nada é permanente neste mundo maldito, nem mesmo nossos problemas.;Atribuído a Chaplin em coletâneas, sem registro primário localizado;A-;removida;Sem registro primário localizado de Chaplin (palavras do próprio registro). Não encontrada nesta rodada.
Manuel Bandeira;A vida é uma ópera e uma grande ópera — mas é preciso saber que a gente canta desafinado.;Atribuído a Bandeira em coletâneas, sem localização em sua obra;A-;removida;Atribuída a Bandeira em coletâneas, sem localização em sua obra (palavras do próprio registro). Não localizada nesta rodada.
Mário Quintana;A vida é o dever que nós trouxemos para fazer em casa.;"Atribuído a Quintana; o verso é de Mario Quintana em Espelho Mágico (1951)";A-;removida;"Verso atribuído a Quintana; um portal educacional o cita como do poema ""O Tempo"", mas o livro não foi identificado e a indicação do registro (Espelho Mágico, 1951) não foi confirmada. Provavelmente autêntica; reabrir com a edição e a localização."
Chico Xavier;"Nem todos os que sorriem estão contentes; nem todos os que choram estão tristes.";Atribuído a Chico Xavier em coletâneas, sem obra localizada;A-;removida;Atribuída a Chico Xavier em coletâneas, sem obra localizada (palavras do próprio registro). Não encontrada nesta rodada.
Bertrand Russell;A guerra não determina quem está certo, apenas quem sobra.;Atribuído a Russell em coletâneas, sem localização em sua obra;A-;removida;Atribuída a Russell em coletâneas, sem localização em sua obra (palavras do próprio registro). Não localizada nesta rodada.
Carl Gustav Jung;Conheça todas as teorias, domine todas as técnicas, mas ao tocar uma alma humana seja apenas outra alma humana.;Atribuído a Jung em coletâneas, sem localização em sua obra;A-;removida;Atribuída a Jung em coletâneas, sem localização em sua obra (palavras do próprio registro). Não localizada nesta rodada.
Sigmund Freud;Um dia, em retrospecto, os anos de luta lhe parecerão os mais belos.;Atribuído a Freud em coletâneas, sem localização em sua obra;A-;removida;Atribuída a Freud em coletâneas, sem localização em sua obra (palavras do próprio registro). Não localizada nesta rodada.
Tom Peters;Se uma janela de oportunidade aparecer, não baixe a persiana.;Atribuído a Tom Peters em coletâneas, sem localização em sua obra;A-;removida;Atribuída a Tom Peters em coletâneas, sem localização em sua obra (palavras do próprio registro). Não localizada nesta rodada.
Will Durant;"A civilização é um rio com margens. O rio às vezes está cheio de sangue; nas margens, as pessoas constroem casas e criam filhos.";Entrevista registrada, republicada em coletâneas de Will Durant;A;mantida-com-fonte-melhorada;"Dito do próprio Durant ao resumir a civilização. A referência da Life foi obtida numa compilação de citações (Wist) e em reportagem que a reproduz; a revista não foi consultada. A compilação informa não ter achado o trecho na Story of Civilization. Fonte atual: Entrevista a Jim Hicks, “Spry Old Team Does It Again”, Life, 18 out. 1963"
Frida Kahlo;Eu não pinto sonhos nem pesadelos. Pinto a minha própria realidade.;Declaração registrada, em resposta ao rótulo surrealista atribuído por André Breton;A;mantida-com-texto-corrigido;"Fonte primária da declaração (carta ou entrevista) não identificada; a redação inglesa vem de reproduções que a remetem à biografia de Herrera, que não foi consultada diretamente. A variante anterior do acervo (“não pinto sonhos nem pesadelos”) não foi localizada. Tradução própria. Fonte atual: Declaração sobre o rótulo surrealista de André Breton (1938-39), citada em Hayden Herrera, Frida: A Biography of Frida Kahlo (1983)"
William James;A maior arma contra o estresse é a nossa capacidade de escolher um pensamento em vez de outro.;Atribuído a James em coletâneas, sem localização em sua obra;A-;removida;Atribuída a William James em coletâneas, sem localização em sua obra (palavras do próprio registro). Não localizada nesta rodada.
William James;Somos como ilhas no mar, separados na superfície e ligados no fundo.;Atribuído a James em coletâneas, sem localização em sua obra;A-;removida;Atribuída a William James em coletâneas, sem localização em sua obra (palavras do próprio registro). Não localizada nesta rodada.
Paulo Freire;É preciso ter esperança, mas ter esperança do verbo esperançar, porque tem gente que tem esperança do verbo esperar.;"Formulação difundida a partir de falas de Freire; sem localização em obra publicada";A-;removida;Formulação difundida a partir de falas de Freire, sem localização em obra (palavras do próprio registro). Passagem exata e obra não identificadas nesta rodada.
Victor Hugo;Aquele que abre uma escola fecha uma prisão.;Atribuído a Victor Hugo em coletâneas, sem localização em sua obra;A-;removida;Atribuída a Victor Hugo em coletâneas, sem localização em sua obra (palavras do próprio registro). Não localizada nesta rodada.
Victor Hugo;"O futuro tem muitos nomes: para os fracos é o inatingível; para os temerosos, o desconhecido; para os valentes, a oportunidade.";Atribuído a Victor Hugo em coletâneas, sem localização em sua obra;A-;removida;Atribuída a Victor Hugo em coletâneas, sem localização em sua obra (palavras do próprio registro). Não localizada nesta rodada.
Eleanor Roosevelt;O futuro pertence àqueles que acreditam na beleza de seus sonhos.;Atribuído a Eleanor Roosevelt em coletâneas, sem registro documental localizado;A-;removida;Atribuída a Eleanor Roosevelt em coletâneas, sem registro documental localizado (palavras do próprio registro). Não localizada nesta rodada.
