autor;slug;frases;tem_historia;situacao
Krishna;krishna;47;sim;"sem entrada curada em PHOTOS; depende do lookup em tempo de execução na Wikipédia (pt→en) e, se falhar, mostra iniciais"
Jesus Cristo;jesus-cristo;29;sim;"sem entrada curada em PHOTOS; depende do lookup em tempo de execução na Wikipédia (pt→en) e, se falhar, mostra iniciais"
Morgan Housel;morgan-housel;23;sim;"sem entrada curada em PHOTOS; depende do lookup em tempo de execução na Wikipédia (pt→en) e, se falhar, mostra iniciais"
Philip Kotler;philip-kotler;19;sim;"sem entrada curada em PHOTOS; depende do lookup em tempo de execução na Wikipédia (pt→en) e, se falhar, mostra iniciais"
Carl Rogers;carl-rogers;18;sim;"sem entrada curada em PHOTOS; depende do lookup em tempo de execução na Wikipédia (pt→en) e, se falhar, mostra iniciais"
Warren Bennis;warren-bennis;15;sim;"sem entrada curada em PHOTOS; depende do lookup em tempo de execução na Wikipédia (pt→en) e, se falhar, mostra iniciais"
Alexis de Tocqueville;alexis-de-tocqueville;14;sim;"sem entrada curada em PHOTOS; depende do lookup em tempo de execução na Wikipédia (pt→en) e, se falhar, mostra iniciais"
Apóstolo Paulo;apostolo-paulo;12;sim;"sem entrada curada em PHOTOS; depende do lookup em tempo de execução na Wikipédia (pt→en) e, se falhar, mostra iniciais"
Robert Cialdini;robert-cialdini;12;sim;"sem entrada curada em PHOTOS; depende do lookup em tempo de execução na Wikipédia (pt→en) e, se falhar, mostra iniciais"
John Wooden;john-wooden;12;sim;"sem entrada curada em PHOTOS; depende do lookup em tempo de execução na Wikipédia (pt→en) e, se falhar, mostra iniciais"
W. Edwards Deming;w-edwards-deming;11;sim;"sem entrada curada em PHOTOS; depende do lookup em tempo de execução na Wikipédia (pt→en) e, se falhar, mostra iniciais"
Stephen R. Covey;stephen-r-covey;10;sim;"sem entrada curada em PHOTOS; depende do lookup em tempo de execução na Wikipédia (pt→en) e, se falhar, mostra iniciais"
Baltasar Gracián;baltasar-gracian;8;sim;"sem entrada curada em PHOTOS; depende do lookup em tempo de execução na Wikipédia (pt→en) e, se falhar, mostra iniciais"
Sam Walton;sam-walton;8;sim;"sem entrada curada em PHOTOS; depende do lookup em tempo de execução na Wikipédia (pt→en) e, se falhar, mostra iniciais"
George S. Clason;george-s-clason;8;sim;"sem entrada curada em PHOTOS; depende do lookup em tempo de execução na Wikipédia (pt→en) e, se falhar, mostra iniciais"
Theodore Roosevelt;theodore-roosevelt;8;sim;"sem entrada curada em PHOTOS; depende do lookup em tempo de execução na Wikipédia (pt→en) e, se falhar, mostra iniciais"
Montesquieu;montesquieu;7;sim;"sem entrada curada em PHOTOS; depende do lookup em tempo de execução na Wikipédia (pt→en) e, se falhar, mostra iniciais"
Philip Fisher;philip-fisher;7;sim;"sem entrada curada em PHOTOS; depende do lookup em tempo de execução na Wikipédia (pt→en) e, se falhar, mostra iniciais"
Gustave Le Bon;gustave-le-bon;7;sim;"sem entrada curada em PHOTOS; depende do lookup em tempo de execução na Wikipédia (pt→en) e, se falhar, mostra iniciais"
Mary Parker Follett;mary-parker-follett;7;não;"sem entrada curada em PHOTOS; depende do lookup em tempo de execução na Wikipédia (pt→en) e, se falhar, mostra iniciais"
John Kotter;john-kotter;7;não;"sem entrada curada em PHOTOS; depende do lookup em tempo de execução na Wikipédia (pt→en) e, se falhar, mostra iniciais"
David Hume;david-hume;6;sim;"sem entrada curada em PHOTOS; depende do lookup em tempo de execução na Wikipédia (pt→en) e, se falhar, mostra iniciais"
Tomás de Aquino;tomas-de-aquino;6;sim;"sem entrada curada em PHOTOS; depende do lookup em tempo de execução na Wikipédia (pt→en) e, se falhar, mostra iniciais"
Jim Collins;jim-collins;6;sim;"sem entrada curada em PHOTOS; depende do lookup em tempo de execução na Wikipédia (pt→en) e, se falhar, mostra iniciais"
Chris Voss;chris-voss;6;sim;"sem entrada curada em PHOTOS; depende do lookup em tempo de execução na Wikipédia (pt→en) e, se falhar, mostra iniciais"
Marshall Rosenberg;marshall-rosenberg;6;sim;"sem entrada curada em PHOTOS; depende do lookup em tempo de execução na Wikipédia (pt→en) e, se falhar, mostra iniciais"
Rubem Alves;rubem-alves;6;sim;"sem entrada curada em PHOTOS; depende do lookup em tempo de execução na Wikipédia (pt→en) e, se falhar, mostra iniciais"
Marshall McLuhan;marshall-mcluhan;6;sim;"sem entrada curada em PHOTOS; depende do lookup em tempo de execução na Wikipédia (pt→en) e, se falhar, mostra iniciais"
Ronald Reagan;ronald-reagan;6;não;"sem entrada curada em PHOTOS; depende do lookup em tempo de execução na Wikipédia (pt→en) e, se falhar, mostra iniciais"
Franklin D. Roosevelt;franklin-d-roosevelt;6;não;"sem entrada curada em PHOTOS; depende do lookup em tempo de execução na Wikipédia (pt→en) e, se falhar, mostra iniciais"
Napoleon Hill;napoleon-hill;6;não;"sem entrada curada em PHOTOS; depende do lookup em tempo de execução na Wikipédia (pt→en) e, se falhar, mostra iniciais"
Ben Zoma;ben-zoma;6;não;"sem entrada curada em PHOTOS; depende do lookup em tempo de execução na Wikipédia (pt→en) e, se falhar, mostra iniciais"
Max Weber;max-weber;6;não;"sem entrada curada em PHOTOS; depende do lookup em tempo de execução na Wikipédia (pt→en) e, se falhar, mostra iniciais"
Guy Debord;guy-debord;6;não;"sem entrada curada em PHOTOS; depende do lookup em tempo de execução na Wikipédia (pt→en) e, se falhar, mostra iniciais"
Heráclito;heraclito;5;sim;"sem entrada curada em PHOTOS; depende do lookup em tempo de execução na Wikipédia (pt→en) e, se falhar, mostra iniciais"
Nassim Nicholas Taleb;nassim-nicholas-taleb;5;sim;"sem entrada curada em PHOTOS; depende do lookup em tempo de execução na Wikipédia (pt→en) e, se falhar, mostra iniciais"
Philip Zimbardo;philip-zimbardo;5;sim;"sem entrada curada em PHOTOS; depende do lookup em tempo de execução na Wikipédia (pt→en) e, se falhar, mostra iniciais"
Nísia Floresta;nisia-floresta;5;sim;"sem entrada curada em PHOTOS; depende do lookup em tempo de execução na Wikipédia (pt→en) e, se falhar, mostra iniciais"
Ruth Bader Ginsburg;ruth-bader-ginsburg;5;sim;"sem entrada curada em PHOTOS; depende do lookup em tempo de execução na Wikipédia (pt→en) e, se falhar, mostra iniciais"
Edith Eger;edith-eger;5;sim;"sem entrada curada em PHOTOS; depende do lookup em tempo de execução na Wikipédia (pt→en) e, se falhar, mostra iniciais"
Jim Rohn;jim-rohn;5;não;"sem entrada curada em PHOTOS; depende do lookup em tempo de execução na Wikipédia (pt→en) e, se falhar, mostra iniciais"
Larry Page;larry-page;5;não;"sem entrada curada em PHOTOS; depende do lookup em tempo de execução na Wikipédia (pt→en) e, se falhar, mostra iniciais"
Eric Ries;eric-ries;5;não;"sem entrada curada em PHOTOS; depende do lookup em tempo de execução na Wikipédia (pt→en) e, se falhar, mostra iniciais"
Walter Lippmann;walter-lippmann;5;não;"sem entrada curada em PHOTOS; depende do lookup em tempo de execução na Wikipédia (pt→en) e, se falhar, mostra iniciais"
Roger Fisher e William Ury;roger-fisher-e-william-ury;5;não;"sem entrada curada em PHOTOS; depende do lookup em tempo de execução na Wikipédia (pt→en) e, se falhar, mostra iniciais"
Ray Kroc;ray-kroc;5;não;"sem entrada curada em PHOTOS; depende do lookup em tempo de execução na Wikipédia (pt→en) e, se falhar, mostra iniciais"
James Kouzes e Barry Posner;james-kouzes-e-barry-posner;5;não;"sem entrada curada em PHOTOS; depende do lookup em tempo de execução na Wikipédia (pt→en) e, se falhar, mostra iniciais"
Bernard Montgomery;bernard-montgomery;5;não;"sem entrada curada em PHOTOS; depende do lookup em tempo de execução na Wikipédia (pt→en) e, se falhar, mostra iniciais"
Reed Hastings;reed-hastings;5;não;"sem entrada curada em PHOTOS; depende do lookup em tempo de execução na Wikipédia (pt→en) e, se falhar, mostra iniciais"
Thomas Hobbes;thomas-hobbes;4;sim;"sem entrada curada em PHOTOS; depende do lookup em tempo de execução na Wikipédia (pt→en) e, se falhar, mostra iniciais"
Michael Porter;michael-porter;4;sim;"sem entrada curada em PHOTOS; depende do lookup em tempo de execução na Wikipédia (pt→en) e, se falhar, mostra iniciais"
Thomas Jefferson;thomas-jefferson;4;não;"sem entrada curada em PHOTOS; depende do lookup em tempo de execução na Wikipédia (pt→en) e, se falhar, mostra iniciais"
François de La Rochefoucauld;francois-de-la-rochefoucauld;4;não;"sem entrada curada em PHOTOS; depende do lookup em tempo de execução na Wikipédia (pt→en) e, se falhar, mostra iniciais"
Betty Friedan;betty-friedan;4;não;"sem entrada curada em PHOTOS; depende do lookup em tempo de execução na Wikipédia (pt→en) e, se falhar, mostra iniciais"
Susan B. Anthony;susan-b-anthony;4;não;"sem entrada curada em PHOTOS; depende do lookup em tempo de execução na Wikipédia (pt→en) e, se falhar, mostra iniciais"
J. R. R. Tolkien;j-r-r-tolkien;4;não;"sem entrada curada em PHOTOS; depende do lookup em tempo de execução na Wikipédia (pt→en) e, se falhar, mostra iniciais"
Norberto Bobbio;norberto-bobbio;4;não;"sem entrada curada em PHOTOS; depende do lookup em tempo de execução na Wikipédia (pt→en) e, se falhar, mostra iniciais"
Edmund Burke;edmund-burke;4;não;"sem entrada curada em PHOTOS; depende do lookup em tempo de execução na Wikipédia (pt→en) e, se falhar, mostra iniciais"
Solomon Asch;solomon-asch;4;não;"sem entrada curada em PHOTOS; depende do lookup em tempo de execução na Wikipédia (pt→en) e, se falhar, mostra iniciais"
Will Durant;will-durant;4;não;"sem entrada curada em PHOTOS; depende do lookup em tempo de execução na Wikipédia (pt→en) e, se falhar, mostra iniciais"
Scott Belsky;scott-belsky;4;não;"sem entrada curada em PHOTOS; depende do lookup em tempo de execução na Wikipédia (pt→en) e, se falhar, mostra iniciais"
André Kostolany;andre-kostolany;4;não;"sem entrada curada em PHOTOS; depende do lookup em tempo de execução na Wikipédia (pt→en) e, se falhar, mostra iniciais"
Pierre Bourdieu;pierre-bourdieu;4;não;"sem entrada curada em PHOTOS; depende do lookup em tempo de execução na Wikipédia (pt→en) e, se falhar, mostra iniciais"
Dan Ariely;dan-ariely;4;não;"sem entrada curada em PHOTOS; depende do lookup em tempo de execução na Wikipédia (pt→en) e, se falhar, mostra iniciais"
Erving Goffman;erving-goffman;4;não;"sem entrada curada em PHOTOS; depende do lookup em tempo de execução na Wikipédia (pt→en) e, se falhar, mostra iniciais"
Margaret Thatcher;margaret-thatcher;4;não;"sem entrada curada em PHOTOS; depende do lookup em tempo de execução na Wikipédia (pt→en) e, se falhar, mostra iniciais"
Juscelino Kubitschek;juscelino-kubitschek;4;não;"sem entrada curada em PHOTOS; depende do lookup em tempo de execução na Wikipédia (pt→en) e, se falhar, mostra iniciais"
Friedrich Hayek;friedrich-hayek;4;não;"sem entrada curada em PHOTOS; depende do lookup em tempo de execução na Wikipédia (pt→en) e, se falhar, mostra iniciais"
Theodore Levitt;theodore-levitt;4;não;"sem entrada curada em PHOTOS; depende do lookup em tempo de execução na Wikipédia (pt→en) e, se falhar, mostra iniciais"
Edward Bernays;edward-bernays;4;não;"sem entrada curada em PHOTOS; depende do lookup em tempo de execução na Wikipédia (pt→en) e, se falhar, mostra iniciais"
Carl von Clausewitz;carl-von-clausewitz;4;não;"sem entrada curada em PHOTOS; depende do lookup em tempo de execução na Wikipédia (pt→en) e, se falhar, mostra iniciais"
Tristan Harris;tristan-harris;4;não;"sem entrada curada em PHOTOS; depende do lookup em tempo de execução na Wikipédia (pt→en) e, se falhar, mostra iniciais"
Jonathan Haidt;jonathan-haidt;4;não;"sem entrada curada em PHOTOS; depende do lookup em tempo de execução na Wikipédia (pt→en) e, se falhar, mostra iniciais"
Ernest Hemingway;ernest-hemingway;4;não;"sem entrada curada em PHOTOS; depende do lookup em tempo de execução na Wikipédia (pt→en) e, se falhar, mostra iniciais"
Booker T. Washington;booker-t-washington;4;não;"sem entrada curada em PHOTOS; depende do lookup em tempo de execução na Wikipédia (pt→en) e, se falhar, mostra iniciais"
Peter Thiel;peter-thiel;4;não;"sem entrada curada em PHOTOS; depende do lookup em tempo de execução na Wikipédia (pt→en) e, se falhar, mostra iniciais"
John Bowlby;john-bowlby;4;não;"sem entrada curada em PHOTOS; depende do lookup em tempo de execução na Wikipédia (pt→en) e, se falhar, mostra iniciais"
José Saramago;jose-saramago;4;não;"sem entrada curada em PHOTOS; depende do lookup em tempo de execução na Wikipédia (pt→en) e, se falhar, mostra iniciais"
Aldous Huxley;aldous-huxley;4;não;"sem entrada curada em PHOTOS; depende do lookup em tempo de execução na Wikipédia (pt→en) e, se falhar, mostra iniciais"
Lord Byron;lord-byron;4;não;"sem entrada curada em PHOTOS; depende do lookup em tempo de execução na Wikipédia (pt→en) e, se falhar, mostra iniciais"
Ambrose Bierce;ambrose-bierce;4;não;"sem entrada curada em PHOTOS; depende do lookup em tempo de execução na Wikipédia (pt→en) e, se falhar, mostra iniciais"
John Galbraith;john-galbraith;4;não;"sem entrada curada em PHOTOS; depende do lookup em tempo de execução na Wikipédia (pt→en) e, se falhar, mostra iniciais"
Eurípides;euripides;4;não;"sem entrada curada em PHOTOS; depende do lookup em tempo de execução na Wikipédia (pt→en) e, se falhar, mostra iniciais"
Joseph Joubert;joseph-joubert;4;não;"sem entrada curada em PHOTOS; depende do lookup em tempo de execução na Wikipédia (pt→en) e, se falhar, mostra iniciais"
Noam Chomsky;noam-chomsky;4;não;"sem entrada curada em PHOTOS; depende do lookup em tempo de execução na Wikipédia (pt→en) e, se falhar, mostra iniciais"
Ayn Rand;ayn-rand;4;não;"sem entrada curada em PHOTOS; depende do lookup em tempo de execução na Wikipédia (pt→en) e, se falhar, mostra iniciais"
Elisabeth Kübler-Ross;elisabeth-kubler-ross;4;não;"sem entrada curada em PHOTOS; depende do lookup em tempo de execução na Wikipédia (pt→en) e, se falhar, mostra iniciais"
Esopo;esopo;4;não;"sem entrada curada em PHOTOS; depende do lookup em tempo de execução na Wikipédia (pt→en) e, se falhar, mostra iniciais"
René Descartes;rene-descartes;3;sim;"sem entrada curada em PHOTOS; depende do lookup em tempo de execução na Wikipédia (pt→en) e, se falhar, mostra iniciais"
Hillel;hillel;3;sim;"sem entrada curada em PHOTOS; depende do lookup em tempo de execução na Wikipédia (pt→en) e, se falhar, mostra iniciais"
John C. Maxwell;john-c-maxwell;3;sim;"sem entrada curada em PHOTOS; depende do lookup em tempo de execução na Wikipédia (pt→en) e, se falhar, mostra iniciais"
Jack Welch;jack-welch;3;sim;"sem entrada curada em PHOTOS; depende do lookup em tempo de execução na Wikipédia (pt→en) e, se falhar, mostra iniciais"
Seth Godin;seth-godin;3;sim;"sem entrada curada em PHOTOS; depende do lookup em tempo de execução na Wikipédia (pt→en) e, se falhar, mostra iniciais"
Simon Sinek;simon-sinek;3;sim;"sem entrada curada em PHOTOS; depende do lookup em tempo de execução na Wikipédia (pt→en) e, se falhar, mostra iniciais"
Martin Seligman;martin-seligman;3;sim;"sem entrada curada em PHOTOS; depende do lookup em tempo de execução na Wikipédia (pt→en) e, se falhar, mostra iniciais"
Audre Lorde;audre-lorde;3;sim;"sem entrada curada em PHOTOS; depende do lookup em tempo de execução na Wikipédia (pt→en) e, se falhar, mostra iniciais"
C. S. Lewis;c-s-lewis;3;sim;"sem entrada curada em PHOTOS; depende do lookup em tempo de execução na Wikipédia (pt→en) e, se falhar, mostra iniciais"
Gerda Lerner;gerda-lerner;3;não;"sem entrada curada em PHOTOS; depende do lookup em tempo de execução na Wikipédia (pt→en) e, se falhar, mostra iniciais"
José Ortega y Gasset;jose-ortega-y-gasset;3;não;"sem entrada curada em PHOTOS; depende do lookup em tempo de execução na Wikipédia (pt→en) e, se falhar, mostra iniciais"
Zenão de Cítio;zenao-de-citio;3;não;"sem entrada curada em PHOTOS; depende do lookup em tempo de execução na Wikipédia (pt→en) e, se falhar, mostra iniciais"
Henry Kissinger;henry-kissinger;3;não;"sem entrada curada em PHOTOS; depende do lookup em tempo de execução na Wikipédia (pt→en) e, se falhar, mostra iniciais"
Robert Kiyosaki;robert-kiyosaki;3;não;"sem entrada curada em PHOTOS; depende do lookup em tempo de execução na Wikipédia (pt→en) e, se falhar, mostra iniciais"
George Washington;george-washington;3;não;"sem entrada curada em PHOTOS; depende do lookup em tempo de execução na Wikipédia (pt→en) e, se falhar, mostra iniciais"
Albert Bandura;albert-bandura;3;não;"sem entrada curada em PHOTOS; depende do lookup em tempo de execução na Wikipédia (pt→en) e, se falhar, mostra iniciais"
Sófocles;sofocles;3;não;"sem entrada curada em PHOTOS; depende do lookup em tempo de execução na Wikipédia (pt→en) e, se falhar, mostra iniciais"
Primo Levi;primo-levi;3;não;"sem entrada curada em PHOTOS; depende do lookup em tempo de execução na Wikipédia (pt→en) e, se falhar, mostra iniciais"
G. K. Chesterton;g-k-chesterton;3;não;"sem entrada curada em PHOTOS; depende do lookup em tempo de execução na Wikipédia (pt→en) e, se falhar, mostra iniciais"
Darcy Ribeiro;darcy-ribeiro;3;não;"sem entrada curada em PHOTOS; depende do lookup em tempo de execução na Wikipédia (pt→en) e, se falhar, mostra iniciais"
Tom Peters;tom-peters;3;não;"sem entrada curada em PHOTOS; depende do lookup em tempo de execução na Wikipédia (pt→en) e, se falhar, mostra iniciais"
Vince Lombardi;vince-lombardi;3;não;"sem entrada curada em PHOTOS; depende do lookup em tempo de execução na Wikipédia (pt→en) e, se falhar, mostra iniciais"
Carol Dweck;carol-dweck;3;não;"sem entrada curada em PHOTOS; depende do lookup em tempo de execução na Wikipédia (pt→en) e, se falhar, mostra iniciais"
Reid Hoffman;reid-hoffman;3;não;"sem entrada curada em PHOTOS; depende do lookup em tempo de execução na Wikipédia (pt→en) e, se falhar, mostra iniciais"
Lev Vygotsky;lev-vygotsky;3;não;"sem entrada curada em PHOTOS; depende do lookup em tempo de execução na Wikipédia (pt→en) e, se falhar, mostra iniciais"
Agatha Christie;agatha-christie;3;não;"sem entrada curada em PHOTOS; depende do lookup em tempo de execução na Wikipédia (pt→en) e, se falhar, mostra iniciais"
Marguerite Yourcenar;marguerite-yourcenar;3;não;"sem entrada curada em PHOTOS; depende do lookup em tempo de execução na Wikipédia (pt→en) e, se falhar, mostra iniciais"
Padre Antônio Vieira;padre-antonio-vieira;3;não;"sem entrada curada em PHOTOS; depende do lookup em tempo de execução na Wikipédia (pt→en) e, se falhar, mostra iniciais"
Alexandre Dumas;alexandre-dumas;3;não;"sem entrada curada em PHOTOS; depende do lookup em tempo de execução na Wikipédia (pt→en) e, se falhar, mostra iniciais"
Jorge Luis Borges;jorge-luis-borges;3;não;"sem entrada curada em PHOTOS; depende do lookup em tempo de execução na Wikipédia (pt→en) e, se falhar, mostra iniciais"
Marcel Proust;marcel-proust;3;não;"sem entrada curada em PHOTOS; depende do lookup em tempo de execução na Wikipédia (pt→en) e, se falhar, mostra iniciais"
Hermann Hesse;hermann-hesse;3;não;"sem entrada curada em PHOTOS; depende do lookup em tempo de execução na Wikipédia (pt→en) e, se falhar, mostra iniciais"
Rabindranath Tagore;rabindranath-tagore;3;não;"sem entrada curada em PHOTOS; depende do lookup em tempo de execução na Wikipédia (pt→en) e, se falhar, mostra iniciais"
Robert Louis Stevenson;robert-louis-stevenson;3;não;"sem entrada curada em PHOTOS; depende do lookup em tempo de execução na Wikipédia (pt→en) e, se falhar, mostra iniciais"
Robert Frost;robert-frost;3;não;"sem entrada curada em PHOTOS; depende do lookup em tempo de execução na Wikipédia (pt→en) e, se falhar, mostra iniciais"
Alfred Tennyson;alfred-tennyson;3;não;"sem entrada curada em PHOTOS; depende do lookup em tempo de execução na Wikipédia (pt→en) e, se falhar, mostra iniciais"
Alexander Pope;alexander-pope;3;não;"sem entrada curada em PHOTOS; depende do lookup em tempo de execução na Wikipédia (pt→en) e, se falhar, mostra iniciais"
Gustave Flaubert;gustave-flaubert;3;não;"sem entrada curada em PHOTOS; depende do lookup em tempo de execução na Wikipédia (pt→en) e, se falhar, mostra iniciais"
Stendhal;stendhal;3;não;"sem entrada curada em PHOTOS; depende do lookup em tempo de execução na Wikipédia (pt→en) e, se falhar, mostra iniciais"
Nathaniel Hawthorne;nathaniel-hawthorne;3;não;"sem entrada curada em PHOTOS; depende do lookup em tempo de execução na Wikipédia (pt→en) e, se falhar, mostra iniciais"
John Ruskin;john-ruskin;3;não;"sem entrada curada em PHOTOS; depende do lookup em tempo de execução na Wikipédia (pt→en) e, se falhar, mostra iniciais"
Pierre-Joseph Proudhon;pierre-joseph-proudhon;3;não;"sem entrada curada em PHOTOS; depende do lookup em tempo de execução na Wikipédia (pt→en) e, se falhar, mostra iniciais"
Neil Postman;neil-postman;3;não;"sem entrada curada em PHOTOS; depende do lookup em tempo de execução na Wikipédia (pt→en) e, se falhar, mostra iniciais"
Herbert Simon;herbert-simon;3;não;"sem entrada curada em PHOTOS; depende do lookup em tempo de execução na Wikipédia (pt→en) e, se falhar, mostra iniciais"
Isaiah Berlin;isaiah-berlin;3;não;"sem entrada curada em PHOTOS; depende do lookup em tempo de execução na Wikipédia (pt→en) e, se falhar, mostra iniciais"
Jaron Lanier;jaron-lanier;3;não;"sem entrada curada em PHOTOS; depende do lookup em tempo de execução na Wikipédia (pt→en) e, se falhar, mostra iniciais"
George Lakoff;george-lakoff;3;não;"sem entrada curada em PHOTOS; depende do lookup em tempo de execução na Wikipédia (pt→en) e, se falhar, mostra iniciais"
Gottfried Wilhelm Leibniz;gottfried-wilhelm-leibniz;3;não;"sem entrada curada em PHOTOS; depende do lookup em tempo de execução na Wikipédia (pt→en) e, se falhar, mostra iniciais"
Horácio;horacio;3;não;"sem entrada curada em PHOTOS; depende do lookup em tempo de execução na Wikipédia (pt→en) e, se falhar, mostra iniciais"
Virgílio;virgilio;3;não;"sem entrada curada em PHOTOS; depende do lookup em tempo de execução na Wikipédia (pt→en) e, se falhar, mostra iniciais"
Quintiliano;quintiliano;3;não;"sem entrada curada em PHOTOS; depende do lookup em tempo de execução na Wikipédia (pt→en) e, se falhar, mostra iniciais"
Jean de La Fontaine;jean-de-la-fontaine;3;não;"sem entrada curada em PHOTOS; depende do lookup em tempo de execução na Wikipédia (pt→en) e, se falhar, mostra iniciais"
Publílio Siro;publilio-siro;3;não;"sem entrada curada em PHOTOS; depende do lookup em tempo de execução na Wikipédia (pt→en) e, se falhar, mostra iniciais"
Douglas MacArthur;douglas-macarthur;3;não;"sem entrada curada em PHOTOS; depende do lookup em tempo de execução na Wikipédia (pt→en) e, se falhar, mostra iniciais"
Dwight D. Eisenhower;dwight-d-eisenhower;3;não;"sem entrada curada em PHOTOS; depende do lookup em tempo de execução na Wikipédia (pt→en) e, se falhar, mostra iniciais"
Charles de Gaulle;charles-de-gaulle;3;não;"sem entrada curada em PHOTOS; depende do lookup em tempo de execução na Wikipédia (pt→en) e, se falhar, mostra iniciais"
Woodrow Wilson;woodrow-wilson;3;não;"sem entrada curada em PHOTOS; depende do lookup em tempo de execução na Wikipédia (pt→en) e, se falhar, mostra iniciais"
Dag Hammarskjöld;dag-hammarskjold;3;não;"sem entrada curada em PHOTOS; depende do lookup em tempo de execução na Wikipédia (pt→en) e, se falhar, mostra iniciais"
Sophie Scholl;sophie-scholl;3;não;"sem entrada curada em PHOTOS; depende do lookup em tempo de execução na Wikipédia (pt→en) e, se falhar, mostra iniciais"
B. R. Ambedkar;b-r-ambedkar;3;não;"sem entrada curada em PHOTOS; depende do lookup em tempo de execução na Wikipédia (pt→en) e, se falhar, mostra iniciais"
Georg Simmel;georg-simmel;3;não;"sem entrada curada em PHOTOS; depende do lookup em tempo de execução na Wikipédia (pt→en) e, se falhar, mostra iniciais"
Stanley Milgram;stanley-milgram;3;não;"sem entrada curada em PHOTOS; depende do lookup em tempo de execução na Wikipédia (pt→en) e, se falhar, mostra iniciais"
Harry Markowitz;harry-markowitz;3;não;"sem entrada curada em PHOTOS; depende do lookup em tempo de execução na Wikipédia (pt→en) e, se falhar, mostra iniciais"
Estée Lauder;estee-lauder;3;não;"sem entrada curada em PHOTOS; depende do lookup em tempo de execução na Wikipédia (pt→en) e, se falhar, mostra iniciais"
Sheryl Sandberg;sheryl-sandberg;3;não;"sem entrada curada em PHOTOS; depende do lookup em tempo de execução na Wikipédia (pt→en) e, se falhar, mostra iniciais"
James M. Barrie;james-m-barrie;3;não;"sem entrada curada em PHOTOS; depende do lookup em tempo de execução na Wikipédia (pt→en) e, se falhar, mostra iniciais"
Alice Walker;alice-walker;3;não;"sem entrada curada em PHOTOS; depende do lookup em tempo de execução na Wikipédia (pt→en) e, se falhar, mostra iniciais"
Madame de Staël;madame-de-stael;3;não;"sem entrada curada em PHOTOS; depende do lookup em tempo de execução na Wikipédia (pt→en) e, se falhar, mostra iniciais"
Ernest Renan;ernest-renan;3;não;"sem entrada curada em PHOTOS; depende do lookup em tempo de execução na Wikipédia (pt→en) e, se falhar, mostra iniciais"
Oliver Wendell Holmes;oliver-wendell-holmes;3;não;"sem entrada curada em PHOTOS; depende do lookup em tempo de execução na Wikipédia (pt→en) e, se falhar, mostra iniciais"
Paul Tillich;paul-tillich;3;não;"sem entrada curada em PHOTOS; depende do lookup em tempo de execução na Wikipédia (pt→en) e, se falhar, mostra iniciais"
Jacques Maritain;jacques-maritain;3;não;"sem entrada curada em PHOTOS; depende do lookup em tempo de execução na Wikipédia (pt→en) e, se falhar, mostra iniciais"
Nelson Rodrigues;nelson-rodrigues;3;não;"sem entrada curada em PHOTOS; depende do lookup em tempo de execução na Wikipédia (pt→en) e, se falhar, mostra iniciais"
Anaïs Nin;anais-nin;3;não;"sem entrada curada em PHOTOS; depende do lookup em tempo de execução na Wikipédia (pt→en) e, se falhar, mostra iniciais"
T. S. Eliot;t-s-eliot;3;não;"sem entrada curada em PHOTOS; depende do lookup em tempo de execução na Wikipédia (pt→en) e, se falhar, mostra iniciais"
Stephen Covey;stephen-covey;3;não;"sem entrada curada em PHOTOS; depende do lookup em tempo de execução na Wikipédia (pt→en) e, se falhar, mostra iniciais"
David Ogilvy;david-ogilvy;3;não;"sem entrada curada em PHOTOS; depende do lookup em tempo de execução na Wikipédia (pt→en) e, se falhar, mostra iniciais"
Brian Tracy;brian-tracy;3;não;"sem entrada curada em PHOTOS; depende do lookup em tempo de execução na Wikipédia (pt→en) e, se falhar, mostra iniciais"
Haemin Sunim;haemin-sunim;3;não;"sem entrada curada em PHOTOS; depende do lookup em tempo de execução na Wikipédia (pt→en) e, se falhar, mostra iniciais"
Elbert Hubbard;elbert-hubbard;3;não;"sem entrada curada em PHOTOS; depende do lookup em tempo de execução na Wikipédia (pt→en) e, se falhar, mostra iniciais"
Yuval Noah Harari;yuval-noah-harari;3;não;"sem entrada curada em PHOTOS; depende do lookup em tempo de execução na Wikipédia (pt→en) e, se falhar, mostra iniciais"
Hans Kelsen;hans-kelsen;3;não;"sem entrada curada em PHOTOS; depende do lookup em tempo de execução na Wikipédia (pt→en) e, se falhar, mostra iniciais"
Amos Tversky;amos-tversky;3;não;"sem entrada curada em PHOTOS; depende do lookup em tempo de execução na Wikipédia (pt→en) e, se falhar, mostra iniciais"
José Martí;jose-marti;3;não;"sem entrada curada em PHOTOS; depende do lookup em tempo de execução na Wikipédia (pt→en) e, se falhar, mostra iniciais"
Benjamin Disraeli;benjamin-disraeli;3;não;"sem entrada curada em PHOTOS; depende do lookup em tempo de execução na Wikipédia (pt→en) e, se falhar, mostra iniciais"
Oliver Goldsmith;oliver-goldsmith;3;não;"sem entrada curada em PHOTOS; depende do lookup em tempo de execução na Wikipédia (pt→en) e, se falhar, mostra iniciais"
Arthur Ashe;arthur-ashe;3;não;"sem entrada curada em PHOTOS; depende do lookup em tempo de execução na Wikipédia (pt→en) e, se falhar, mostra iniciais"
Augusto;augusto;3;não;"sem entrada curada em PHOTOS; depende do lookup em tempo de execução na Wikipédia (pt→en) e, se falhar, mostra iniciais"
Karl Jaspers;karl-jaspers;3;não;"sem entrada curada em PHOTOS; depende do lookup em tempo de execução na Wikipédia (pt→en) e, se falhar, mostra iniciais"
Benjamin Constant;benjamin-constant;3;não;"sem entrada curada em PHOTOS; depende do lookup em tempo de execução na Wikipédia (pt→en) e, se falhar, mostra iniciais"
David Aaker;david-aaker;3;não;"sem entrada curada em PHOTOS; depende do lookup em tempo de execução na Wikipédia (pt→en) e, se falhar, mostra iniciais"
Henry Chesbrough;henry-chesbrough;3;não;"sem entrada curada em PHOTOS; depende do lookup em tempo de execução na Wikipédia (pt→en) e, se falhar, mostra iniciais"
Al Ries e Jack Trout;al-ries-e-jack-trout;3;não;"sem entrada curada em PHOTOS; depende do lookup em tempo de execução na Wikipédia (pt→en) e, se falhar, mostra iniciais"
Sojourner Truth;sojourner-truth;3;não;"sem entrada curada em PHOTOS; depende do lookup em tempo de execução na Wikipédia (pt→en) e, se falhar, mostra iniciais"
Michelangelo;michelangelo;3;não;"sem entrada curada em PHOTOS; depende do lookup em tempo de execução na Wikipédia (pt→en) e, se falhar, mostra iniciais"
Abraham Maslow;abraham-maslow;3;não;"sem entrada curada em PHOTOS; depende do lookup em tempo de execução na Wikipédia (pt→en) e, se falhar, mostra iniciais"
Angela Duckworth;angela-duckworth;3;não;"sem entrada curada em PHOTOS; depende do lookup em tempo de execução na Wikipédia (pt→en) e, se falhar, mostra iniciais"
Donald Winnicott;donald-winnicott;3;não;"sem entrada curada em PHOTOS; depende do lookup em tempo de execução na Wikipédia (pt→en) e, se falhar, mostra iniciais"
Conceição Evaristo;conceicao-evaristo;3;não;"sem entrada curada em PHOTOS; depende do lookup em tempo de execução na Wikipédia (pt→en) e, se falhar, mostra iniciais"
Guy Kawasaki;guy-kawasaki;3;não;"sem entrada curada em PHOTOS; depende do lookup em tempo de execução na Wikipédia (pt→en) e, se falhar, mostra iniciais"
Mihaly Csikszentmihalyi;mihaly-csikszentmihalyi;3;não;"sem entrada curada em PHOTOS; depende do lookup em tempo de execução na Wikipédia (pt→en) e, se falhar, mostra iniciais"
Max Planck;max-planck;3;não;"sem entrada curada em PHOTOS; depende do lookup em tempo de execução na Wikipédia (pt→en) e, se falhar, mostra iniciais"
Andy Grove;andy-grove;3;não;"sem entrada curada em PHOTOS; depende do lookup em tempo de execução na Wikipédia (pt→en) e, se falhar, mostra iniciais"
Clayton Christensen;clayton-christensen;2;sim;"sem entrada curada em PHOTOS; depende do lookup em tempo de execução na Wikipédia (pt→en) e, se falhar, mostra iniciais"
Henry Stanley Haskins;henry-stanley-haskins;2;não;"sem entrada curada em PHOTOS; depende do lookup em tempo de execução na Wikipédia (pt→en) e, se falhar, mostra iniciais"
Júlio César;julio-cesar;2;não;"sem entrada curada em PHOTOS; depende do lookup em tempo de execução na Wikipédia (pt→en) e, se falhar, mostra iniciais"
Rabi Tarfon;rabi-tarfon;2;não;"sem entrada curada em PHOTOS; depende do lookup em tempo de execução na Wikipédia (pt→en) e, se falhar, mostra iniciais"
Leon C. Megginson;leon-c-megginson;2;não;"sem entrada curada em PHOTOS; depende do lookup em tempo de execução na Wikipédia (pt→en) e, se falhar, mostra iniciais"
Adélia Prado;adelia-prado;2;não;"sem entrada curada em PHOTOS; depende do lookup em tempo de execução na Wikipédia (pt→en) e, se falhar, mostra iniciais"
Érico Veríssimo;erico-verissimo;2;não;"sem entrada curada em PHOTOS; depende do lookup em tempo de execução na Wikipédia (pt→en) e, se falhar, mostra iniciais"
William Butler Yeats;william-butler-yeats;2;não;"sem entrada curada em PHOTOS; depende do lookup em tempo de execução na Wikipédia (pt→en) e, se falhar, mostra iniciais"
George Sand;george-sand;2;não;"sem entrada curada em PHOTOS; depende do lookup em tempo de execução na Wikipédia (pt→en) e, se falhar, mostra iniciais"
Herbert Spencer;herbert-spencer;2;não;"sem entrada curada em PHOTOS; depende do lookup em tempo de execução na Wikipédia (pt→en) e, se falhar, mostra iniciais"
Shoshana Zuboff;shoshana-zuboff;2;não;"sem entrada curada em PHOTOS; depende do lookup em tempo de execução na Wikipédia (pt→en) e, se falhar, mostra iniciais"
Hipócrates;hipocrates;2;não;"sem entrada curada em PHOTOS; depende do lookup em tempo de execução na Wikipédia (pt→en) e, se falhar, mostra iniciais"
Santo Isidoro de Sevilha;santo-isidoro-de-sevilha;2;não;"sem entrada curada em PHOTOS; depende do lookup em tempo de execução na Wikipédia (pt→en) e, se falhar, mostra iniciais"
Louisa May Alcott;louisa-may-alcott;2;não;"sem entrada curada em PHOTOS; depende do lookup em tempo de execução na Wikipédia (pt→en) e, se falhar, mostra iniciais"
Harriet Beecher Stowe;harriet-beecher-stowe;2;não;"sem entrada curada em PHOTOS; depende do lookup em tempo de execução na Wikipédia (pt→en) e, se falhar, mostra iniciais"
Samuel Butler;samuel-butler;2;não;"sem entrada curada em PHOTOS; depende do lookup em tempo de execução na Wikipédia (pt→en) e, se falhar, mostra iniciais"
Théophile Gautier;theophile-gautier;2;não;"sem entrada curada em PHOTOS; depende do lookup em tempo de execução na Wikipédia (pt→en) e, se falhar, mostra iniciais"
Reinhold Niebuhr;reinhold-niebuhr;2;não;"sem entrada curada em PHOTOS; depende do lookup em tempo de execução na Wikipédia (pt→en) e, se falhar, mostra iniciais"
Abul Kalam Azad;abul-kalam-azad;2;não;"sem entrada curada em PHOTOS; depende do lookup em tempo de execução na Wikipédia (pt→en) e, se falhar, mostra iniciais"
Henri Matisse;henri-matisse;2;não;"sem entrada curada em PHOTOS; depende do lookup em tempo de execução na Wikipédia (pt→en) e, se falhar, mostra iniciais"
Louis Armstrong;louis-armstrong;2;não;"sem entrada curada em PHOTOS; depende do lookup em tempo de execução na Wikipédia (pt→en) e, se falhar, mostra iniciais"
John Lennon;john-lennon;2;não;"sem entrada curada em PHOTOS; depende do lookup em tempo de execução na Wikipédia (pt→en) e, se falhar, mostra iniciais"
Gertrude Stein;gertrude-stein;2;não;"sem entrada curada em PHOTOS; depende do lookup em tempo de execução na Wikipédia (pt→en) e, se falhar, mostra iniciais"
Ring Lardner;ring-lardner;2;não;"sem entrada curada em PHOTOS; depende do lookup em tempo de execução na Wikipédia (pt→en) e, se falhar, mostra iniciais"
Charles Kuralt;charles-kuralt;2;não;"sem entrada curada em PHOTOS; depende do lookup em tempo de execução na Wikipédia (pt→en) e, se falhar, mostra iniciais"
Laurel Thatcher Ulrich;laurel-thatcher-ulrich;2;não;"sem entrada curada em PHOTOS; depende do lookup em tempo de execução na Wikipédia (pt→en) e, se falhar, mostra iniciais"
Nora Ephron;nora-ephron;2;não;"sem entrada curada em PHOTOS; depende do lookup em tempo de execução na Wikipédia (pt→en) e, se falhar, mostra iniciais"
Michael J. Fox;michael-j-fox;2;não;"sem entrada curada em PHOTOS; depende do lookup em tempo de execução na Wikipédia (pt→en) e, se falhar, mostra iniciais"
Phil Jackson;phil-jackson;2;não;"sem entrada curada em PHOTOS; depende do lookup em tempo de execução na Wikipédia (pt→en) e, se falhar, mostra iniciais"
Max De Pree;max-de-pree;2;não;"sem entrada curada em PHOTOS; depende do lookup em tempo de execução na Wikipédia (pt→en) e, se falhar, mostra iniciais"
Robert K. Greenleaf;robert-k-greenleaf;2;não;"sem entrada curada em PHOTOS; depende do lookup em tempo de execução na Wikipédia (pt→en) e, se falhar, mostra iniciais"
Lee Iacocca;lee-iacocca;2;não;"sem entrada curada em PHOTOS; depende do lookup em tempo de execução na Wikipédia (pt→en) e, se falhar, mostra iniciais"
Alain de Botton;alain-de-botton;2;não;"sem entrada curada em PHOTOS; depende do lookup em tempo de execução na Wikipédia (pt→en) e, se falhar, mostra iniciais"
Melody Beattie;melody-beattie;2;não;"sem entrada curada em PHOTOS; depende do lookup em tempo de execução na Wikipédia (pt→en) e, se falhar, mostra iniciais"
Émile-Auguste Chartier;emile-auguste-chartier;2;não;"sem entrada curada em PHOTOS; depende do lookup em tempo de execução na Wikipédia (pt→en) e, se falhar, mostra iniciais"
George Eliot;george-eliot;2;não;"sem entrada curada em PHOTOS; depende do lookup em tempo de execução na Wikipédia (pt→en) e, se falhar, mostra iniciais"
Thomas Sowell;thomas-sowell;2;não;"sem entrada curada em PHOTOS; depende do lookup em tempo de execução na Wikipédia (pt→en) e, se falhar, mostra iniciais"
Salvador Dalí;salvador-dali;2;não;"sem entrada curada em PHOTOS; depende do lookup em tempo de execução na Wikipédia (pt→en) e, se falhar, mostra iniciais"
P. T. Barnum;p-t-barnum;2;não;"sem entrada curada em PHOTOS; depende do lookup em tempo de execução na Wikipédia (pt→en) e, se falhar, mostra iniciais"
Leo Buscaglia;leo-buscaglia;2;não;"sem entrada curada em PHOTOS; depende do lookup em tempo de execução na Wikipédia (pt→en) e, se falhar, mostra iniciais"
Miguel Reale;miguel-reale;2;não;"sem entrada curada em PHOTOS; depende do lookup em tempo de execução na Wikipédia (pt→en) e, se falhar, mostra iniciais"
Coelho Neto;coelho-neto;2;não;"sem entrada curada em PHOTOS; depende do lookup em tempo de execução na Wikipédia (pt→en) e, se falhar, mostra iniciais"
Thomas J. Stanley;thomas-j-stanley;2;não;"sem entrada curada em PHOTOS; depende do lookup em tempo de execução na Wikipédia (pt→en) e, se falhar, mostra iniciais"
Robert M. Hutchins;robert-m-hutchins;2;não;"sem entrada curada em PHOTOS; depende do lookup em tempo de execução na Wikipédia (pt→en) e, se falhar, mostra iniciais"
Robert Collier;robert-collier;2;não;"sem entrada curada em PHOTOS; depende do lookup em tempo de execução na Wikipédia (pt→en) e, se falhar, mostra iniciais"
Albert Schweitzer;albert-schweitzer;2;não;"sem entrada curada em PHOTOS; depende do lookup em tempo de execução na Wikipédia (pt→en) e, se falhar, mostra iniciais"
Anísio Teixeira;anisio-teixeira;2;não;"sem entrada curada em PHOTOS; depende do lookup em tempo de execução na Wikipédia (pt→en) e, se falhar, mostra iniciais"
Brené Brown;brene-brown;2;não;"sem entrada curada em PHOTOS; depende do lookup em tempo de execução na Wikipédia (pt→en) e, se falhar, mostra iniciais"
Cleantes;cleantes;2;não;"sem entrada curada em PHOTOS; depende do lookup em tempo de execução na Wikipédia (pt→en) e, se falhar, mostra iniciais"
Meister Eckhart;meister-eckhart;2;não;"sem entrada curada em PHOTOS; depende do lookup em tempo de execução na Wikipédia (pt→en) e, se falhar, mostra iniciais"
Norman Schwarzkopf;norman-schwarzkopf;2;não;"sem entrada curada em PHOTOS; depende do lookup em tempo de execução na Wikipédia (pt→en) e, se falhar, mostra iniciais"
São Jerônimo;sao-jeronimo;2;não;"sem entrada curada em PHOTOS; depende do lookup em tempo de execução na Wikipédia (pt→en) e, se falhar, mostra iniciais"
Robert Emmons;robert-emmons;1;sim;"sem entrada curada em PHOTOS; depende do lookup em tempo de execução na Wikipédia (pt→en) e, se falhar, mostra iniciais"
Colin Powell;colin-powell;1;sim;"sem entrada curada em PHOTOS; depende do lookup em tempo de execução na Wikipédia (pt→en) e, se falhar, mostra iniciais"
Bíblia Sagrada;biblia-sagrada;1;não;"sem entrada curada em PHOTOS; depende do lookup em tempo de execução na Wikipédia (pt→en) e, se falhar, mostra iniciais"
Provérbio Chinês;proverbio-chines;1;não;"sem entrada curada em PHOTOS; depende do lookup em tempo de execução na Wikipédia (pt→en) e, se falhar, mostra iniciais"
Miqueias 6:8;miqueias-6-8;1;não;"sem entrada curada em PHOTOS; depende do lookup em tempo de execução na Wikipédia (pt→en) e, se falhar, mostra iniciais"
Primeira Carta de Pedro 5:7;primeira-carta-de-pedro-5-7;1;não;"sem entrada curada em PHOTOS; depende do lookup em tempo de execução na Wikipédia (pt→en) e, se falhar, mostra iniciais"
Levítico 19:18;levitico-19-18;1;não;"sem entrada curada em PHOTOS; depende do lookup em tempo de execução na Wikipédia (pt→en) e, se falhar, mostra iniciais"
Torá;tora;1;não;"sem entrada curada em PHOTOS; depende do lookup em tempo de execução na Wikipédia (pt→en) e, se falhar, mostra iniciais"
Rig Veda 1.164.46;rig-veda-1-164-46;1;não;"sem entrada curada em PHOTOS; depende do lookup em tempo de execução na Wikipédia (pt→en) e, se falhar, mostra iniciais"
Shimon HaTzadik;shimon-hatzadik;1;não;"sem entrada curada em PHOTOS; depende do lookup em tempo de execução na Wikipédia (pt→en) e, se falhar, mostra iniciais"
1 Samuel 16:7;1-samuel-16-7;1;não;"sem entrada curada em PHOTOS; depende do lookup em tempo de execução na Wikipédia (pt→en) e, se falhar, mostra iniciais"
Katha Upanishad 2:3:14;katha-upanishad-2-3-14;1;não;"sem entrada curada em PHOTOS; depende do lookup em tempo de execução na Wikipédia (pt→en) e, se falhar, mostra iniciais"
Ben Sirá;ben-sira;1;não;"sem entrada curada em PHOTOS; depende do lookup em tempo de execução na Wikipédia (pt→en) e, se falhar, mostra iniciais"
Millôr Fernandes;millor-fernandes;1;não;"sem entrada curada em PHOTOS; depende do lookup em tempo de execução na Wikipédia (pt→en) e, se falhar, mostra iniciais"
Alex Haley;alex-haley;1;não;"sem entrada curada em PHOTOS; depende do lookup em tempo de execução na Wikipédia (pt→en) e, se falhar, mostra iniciais"
Caio Fernando Abreu;caio-fernando-abreu;1;não;"sem entrada curada em PHOTOS; depende do lookup em tempo de execução na Wikipédia (pt→en) e, se falhar, mostra iniciais"
Martha Medeiros;martha-medeiros;1;não;"sem entrada curada em PHOTOS; depende do lookup em tempo de execução na Wikipédia (pt→en) e, se falhar, mostra iniciais"
Vladimir Maiakóvski;vladimir-maiakovski;1;não;"sem entrada curada em PHOTOS; depende do lookup em tempo de execução na Wikipédia (pt→en) e, se falhar, mostra iniciais"
Sholom Aleichem;sholom-aleichem;1;não;"sem entrada curada em PHOTOS; depende do lookup em tempo de execução na Wikipédia (pt→en) e, se falhar, mostra iniciais"
Elizabeth Stone;elizabeth-stone;1;não;"sem entrada curada em PHOTOS; depende do lookup em tempo de execução na Wikipédia (pt→en) e, se falhar, mostra iniciais"
Leandro Karnal;leandro-karnal;1;não;"sem entrada curada em PHOTOS; depende do lookup em tempo de execução na Wikipédia (pt→en) e, se falhar, mostra iniciais"
Roberto Shinyashiki;roberto-shinyashiki;1;não;"sem entrada curada em PHOTOS; depende do lookup em tempo de execução na Wikipédia (pt→en) e, se falhar, mostra iniciais"
Hillary Clinton;hillary-clinton;1;não;"sem entrada curada em PHOTOS; depende do lookup em tempo de execução na Wikipédia (pt→en) e, se falhar, mostra iniciais"
Augusto Cury;augusto-cury;1;não;"sem entrada curada em PHOTOS; depende do lookup em tempo de execução na Wikipédia (pt→en) e, se falhar, mostra iniciais"
Viviane Mosé;viviane-mose;1;não;"sem entrada curada em PHOTOS; depende do lookup em tempo de execução na Wikipédia (pt→en) e, se falhar, mostra iniciais"
Clóvis de Barros Filho;clovis-de-barros-filho;1;não;"sem entrada curada em PHOTOS; depende do lookup em tempo de execução na Wikipédia (pt→en) e, se falhar, mostra iniciais"
Dinah Maria Craik;dinah-maria-craik;1;não;"sem entrada curada em PHOTOS; depende do lookup em tempo de execução na Wikipédia (pt→en) e, se falhar, mostra iniciais"
George Bernard Shaw;george-bernard-shaw;1;não;"sem entrada curada em PHOTOS; depende do lookup em tempo de execução na Wikipédia (pt→en) e, se falhar, mostra iniciais"
Plutarco;plutarco;1;não;"sem entrada curada em PHOTOS; depende do lookup em tempo de execução na Wikipédia (pt→en) e, se falhar, mostra iniciais"
Samuel Johnson;samuel-johnson;0;sim;"sem entrada curada em PHOTOS; depende do lookup em tempo de execução na Wikipédia (pt→en) e, se falhar, mostra iniciais"
Robert Greene;robert-greene;0;não;"sem entrada curada em PHOTOS; depende do lookup em tempo de execução na Wikipédia (pt→en) e, se falhar, mostra iniciais"
Mikhail Gorbachev;mikhail-gorbachev;0;não;"sem entrada curada em PHOTOS; depende do lookup em tempo de execução na Wikipédia (pt→en) e, se falhar, mostra iniciais"
Honoré de Balzac;honore-de-balzac;0;não;"sem entrada curada em PHOTOS; depende do lookup em tempo de execução na Wikipédia (pt→en) e, se falhar, mostra iniciais"
Ken Blanchard;ken-blanchard;0;não;"sem entrada curada em PHOTOS; depende do lookup em tempo de execução na Wikipédia (pt→en) e, se falhar, mostra iniciais"
William Arthur Lewis;william-arthur-lewis;0;não;"sem entrada curada em PHOTOS; depende do lookup em tempo de execução na Wikipédia (pt→en) e, se falhar, mostra iniciais"
François Mauriac;francois-mauriac;0;não;"sem entrada curada em PHOTOS; depende do lookup em tempo de execução na Wikipédia (pt→en) e, se falhar, mostra iniciais"
Franz Kafka;franz-kafka;0;não;"sem entrada curada em PHOTOS; depende do lookup em tempo de execução na Wikipédia (pt→en) e, se falhar, mostra iniciais"
Gabriel García Márquez;gabriel-garcia-marquez;0;não;"sem entrada curada em PHOTOS; depende do lookup em tempo de execução na Wikipédia (pt→en) e, se falhar, mostra iniciais"
Homero;homero;0;não;"sem entrada curada em PHOTOS; depende do lookup em tempo de execução na Wikipédia (pt→en) e, se falhar, mostra iniciais"
Dante Alighieri;dante-alighieri;0;não;"sem entrada curada em PHOTOS; depende do lookup em tempo de execução na Wikipédia (pt→en) e, se falhar, mostra iniciais"
Antoine Lavoisier;antoine-lavoisier;0;não;"sem entrada curada em PHOTOS; depende do lookup em tempo de execução na Wikipédia (pt→en) e, se falhar, mostra iniciais"
Papa Francisco;papa-francisco;0;não;"sem entrada curada em PHOTOS; depende do lookup em tempo de execução na Wikipédia (pt→en) e, se falhar, mostra iniciais"
Gloria Steinem;gloria-steinem;0;não;"sem entrada curada em PHOTOS; depende do lookup em tempo de execução na Wikipédia (pt→en) e, se falhar, mostra iniciais"
Djamila Ribeiro;djamila-ribeiro;0;não;"sem entrada curada em PHOTOS; depende do lookup em tempo de execução na Wikipédia (pt→en) e, se falhar, mostra iniciais"
Akio Morita;akio-morita;0;não;"sem entrada curada em PHOTOS; depende do lookup em tempo de execução na Wikipédia (pt→en) e, se falhar, mostra iniciais"
Konosuke Matsushita;konosuke-matsushita;0;não;"sem entrada curada em PHOTOS; depende do lookup em tempo de execução na Wikipédia (pt→en) e, se falhar, mostra iniciais"
Lou Gerstner;lou-gerstner;0;não;"sem entrada curada em PHOTOS; depende do lookup em tempo de execução na Wikipédia (pt→en) e, se falhar, mostra iniciais"
Indra Nooyi;indra-nooyi;0;não;"sem entrada curada em PHOTOS; depende do lookup em tempo de execução na Wikipédia (pt→en) e, se falhar, mostra iniciais"
Paul Graham;paul-graham;0;não;"sem entrada curada em PHOTOS; depende do lookup em tempo de execução na Wikipédia (pt→en) e, se falhar, mostra iniciais"
Eric Hoffer;eric-hoffer;0;não;"sem entrada curada em PHOTOS; depende do lookup em tempo de execução na Wikipédia (pt→en) e, se falhar, mostra iniciais"
Ralph Nader;ralph-nader;0;não;"sem entrada curada em PHOTOS; depende do lookup em tempo de execução na Wikipédia (pt→en) e, se falhar, mostra iniciais"
E. M. Forster;e-m-forster;0;não;"sem entrada curada em PHOTOS; depende do lookup em tempo de execução na Wikipédia (pt→en) e, se falhar, mostra iniciais"
Richard Bach;richard-bach;0;não;"sem entrada curada em PHOTOS; depende do lookup em tempo de execução na Wikipédia (pt→en) e, se falhar, mostra iniciais"
George S. Patton;george-s-patton;0;não;"sem entrada curada em PHOTOS; depende do lookup em tempo de execução na Wikipédia (pt→en) e, se falhar, mostra iniciais"
Wernher von Braun;wernher-von-braun;0;não;"sem entrada curada em PHOTOS; depende do lookup em tempo de execução na Wikipédia (pt→en) e, se falhar, mostra iniciais"
Charles Spurgeon;charles-spurgeon;0;não;"sem entrada curada em PHOTOS; depende do lookup em tempo de execução na Wikipédia (pt→en) e, se falhar, mostra iniciais"
Erma Bombeck;erma-bombeck;0;não;"sem entrada curada em PHOTOS; depende do lookup em tempo de execução na Wikipédia (pt→en) e, se falhar, mostra iniciais"
Friedrich Schleiermacher;friedrich-schleiermacher;0;não;"sem entrada curada em PHOTOS; depende do lookup em tempo de execução na Wikipédia (pt→en) e, se falhar, mostra iniciais"
Pierre Abélard;pierre-abelard;0;não;"sem entrada curada em PHOTOS; depende do lookup em tempo de execução na Wikipédia (pt→en) e, se falhar, mostra iniciais"
Tales de Mileto;tales-de-mileto;0;não;"sem entrada curada em PHOTOS; depende do lookup em tempo de execução na Wikipédia (pt→en) e, se falhar, mostra iniciais"
Protágoras;protagoras;0;não;"sem entrada curada em PHOTOS; depende do lookup em tempo de execução na Wikipédia (pt→en) e, se falhar, mostra iniciais"
Pitágoras;pitagoras;0;não;"sem entrada curada em PHOTOS; depende do lookup em tempo de execução na Wikipédia (pt→en) e, se falhar, mostra iniciais"
Dom Pedro II;dom-pedro-ii;0;não;"sem entrada curada em PHOTOS; depende do lookup em tempo de execução na Wikipédia (pt→en) e, se falhar, mostra iniciais"
Ulysses Guimarães;ulysses-guimaraes;0;não;"sem entrada curada em PHOTOS; depende do lookup em tempo de execução na Wikipédia (pt→en) e, se falhar, mostra iniciais"
Michelle Bachelet;michelle-bachelet;0;não;"sem entrada curada em PHOTOS; depende do lookup em tempo de execução na Wikipédia (pt→en) e, se falhar, mostra iniciais"
Christine Lagarde;christine-lagarde;0;não;"sem entrada curada em PHOTOS; depende do lookup em tempo de execução na Wikipédia (pt→en) e, se falhar, mostra iniciais"
Rosalynn Carter;rosalynn-carter;0;não;"sem entrada curada em PHOTOS; depende do lookup em tempo de execução na Wikipédia (pt→en) e, se falhar, mostra iniciais"
Osho;osho;0;não;"sem entrada curada em PHOTOS; depende do lookup em tempo de execução na Wikipédia (pt→en) e, se falhar, mostra iniciais"
Mark Zuckerberg;mark-zuckerberg;0;não;"sem entrada curada em PHOTOS; depende do lookup em tempo de execução na Wikipédia (pt→en) e, se falhar, mostra iniciais"
Ban Ki-moon;ban-ki-moon;0;não;"sem entrada curada em PHOTOS; depende do lookup em tempo de execução na Wikipédia (pt→en) e, se falhar, mostra iniciais"
George Washington Carver;george-washington-carver;0;não;"sem entrada curada em PHOTOS; depende do lookup em tempo de execução na Wikipédia (pt→en) e, se falhar, mostra iniciais"
Hubert H. Humphrey;hubert-h-humphrey;0;não;"sem entrada curada em PHOTOS; depende do lookup em tempo de execução na Wikipédia (pt→en) e, se falhar, mostra iniciais"
Brian Chesky;brian-chesky;0;não;"sem entrada curada em PHOTOS; depende do lookup em tempo de execução na Wikipédia (pt→en) e, se falhar, mostra iniciais"
Ann Landers;ann-landers;0;não;"sem entrada curada em PHOTOS; depende do lookup em tempo de execução na Wikipédia (pt→en) e, se falhar, mostra iniciais"
Christopher McCandless;christopher-mccandless;0;não;"sem entrada curada em PHOTOS; depende do lookup em tempo de execução na Wikipédia (pt→en) e, se falhar, mostra iniciais"
John Templeton;john-templeton;0;não;"sem entrada curada em PHOTOS; depende do lookup em tempo de execução na Wikipédia (pt→en) e, se falhar, mostra iniciais"
Groucho Marx;groucho-marx;0;não;"sem entrada curada em PHOTOS; depende do lookup em tempo de execução na Wikipédia (pt→en) e, se falhar, mostra iniciais"
W. Somerset Maugham;w-somerset-maugham;0;não;"sem entrada curada em PHOTOS; depende do lookup em tempo de execução na Wikipédia (pt→en) e, se falhar, mostra iniciais"
Audrey Hepburn;audrey-hepburn;0;não;"sem entrada curada em PHOTOS; depende do lookup em tempo de execução na Wikipédia (pt→en) e, se falhar, mostra iniciais"
Aristóteles Onassis;aristoteles-onassis;0;não;"sem entrada curada em PHOTOS; depende do lookup em tempo de execução na Wikipédia (pt→en) e, se falhar, mostra iniciais"
Karl Menninger;karl-menninger;0;não;"sem entrada curada em PHOTOS; depende do lookup em tempo de execução na Wikipédia (pt→en) e, se falhar, mostra iniciais"
Napoleão III;napoleao-iii;0;não;"sem entrada curada em PHOTOS; depende do lookup em tempo de execução na Wikipédia (pt→en) e, se falhar, mostra iniciais"
Robert Ingersoll;robert-ingersoll;0;não;"sem entrada curada em PHOTOS; depende do lookup em tempo de execução na Wikipédia (pt→en) e, se falhar, mostra iniciais"
Henry Ward Beecher;henry-ward-beecher;0;não;"sem entrada curada em PHOTOS; depende do lookup em tempo de execução na Wikipédia (pt→en) e, se falhar, mostra iniciais"
Malcolm Forbes;malcolm-forbes;0;não;"sem entrada curada em PHOTOS; depende do lookup em tempo de execução na Wikipédia (pt→en) e, se falhar, mostra iniciais"
James Dean;james-dean;0;não;"sem entrada curada em PHOTOS; depende do lookup em tempo de execução na Wikipédia (pt→en) e, se falhar, mostra iniciais"
Lady Gaga;lady-gaga;0;não;"sem entrada curada em PHOTOS; depende do lookup em tempo de execução na Wikipédia (pt→en) e, se falhar, mostra iniciais"
Howard Stevenson;howard-stevenson;0;não;"sem entrada curada em PHOTOS; depende do lookup em tempo de execução na Wikipédia (pt→en) e, se falhar, mostra iniciais"
Nicolas Hayek;nicolas-hayek;0;não;"sem entrada curada em PHOTOS; depende do lookup em tempo de execução na Wikipédia (pt→en) e, se falhar, mostra iniciais"
Magalhães Pinto;magalhaes-pinto;0;não;"sem entrada curada em PHOTOS; depende do lookup em tempo de execução na Wikipédia (pt→en) e, se falhar, mostra iniciais"
Walter Winchell;walter-winchell;0;não;"sem entrada curada em PHOTOS; depende do lookup em tempo de execução na Wikipédia (pt→en) e, se falhar, mostra iniciais"
George Burns;george-burns;0;não;"sem entrada curada em PHOTOS; depende do lookup em tempo de execução na Wikipédia (pt→en) e, se falhar, mostra iniciais"
Donald McGannon;donald-mcgannon;0;não;"sem entrada curada em PHOTOS; depende do lookup em tempo de execução na Wikipédia (pt→en) e, se falhar, mostra iniciais"
Woody Allen;woody-allen;0;não;"sem entrada curada em PHOTOS; depende do lookup em tempo de execução na Wikipédia (pt→en) e, se falhar, mostra iniciais"
Pat Riley;pat-riley;0;não;"sem entrada curada em PHOTOS; depende do lookup em tempo de execução na Wikipédia (pt→en) e, se falhar, mostra iniciais"
