pessoa;frases;obras_catalogadas;tem_obra_textual;motivo;obras
Abílio Diniz;1;2;sim;obra textual disponível — expansão possível, exige localizar a passagem;Caminho Sereno | Novo Caminho
Alain de Botton;1;2;sim;obra textual disponível — expansão possível, exige localizar a passagem;As Consolações da Filosofia | Desejo de Status
Aldous Huxley;1;2;sim;obra textual disponível — expansão possível, exige localizar a passagem;Admirável Mundo Novo | As Portas da Percepção
Alex Haley;1;2;sim;obra textual disponível — expansão possível, exige localizar a passagem;Autobiografia de Malcolm X | Raízes
Arthur Ashe;1;2;sim;obra textual disponível — expansão possível, exige localizar a passagem;Days of Grace | A Hard Road to Glory
Augusto Cury;1;3;sim;obra textual disponível — expansão possível, exige localizar a passagem;Pais Brilhantes, Professores Fascinantes | O Vendedor de Sonhos | Análise da Inteligência de Cristo
Baltasar Gracián;1;3;sim;obra textual disponível — expansão possível, exige localizar a passagem;A Arte da Prudência | O Criticón | O Herói
Barbara McClintock;1;2;sim;obra textual disponível — expansão possível, exige localizar a passagem;Trabalhos sobre elementos genéticos móveis | Declarações sobre método científico
Benjamin Constant;1;2;sim;obra textual disponível — expansão possível, exige localizar a passagem;Da Liberdade dos Antigos Comparada à dos Modernos | Adolphe
Bernard Montgomery;1;1;sim;obra textual disponível — expansão possível, exige localizar a passagem;Memórias do Marechal Montgomery
Brené Brown;1;2;sim;obra textual disponível — expansão possível, exige localizar a passagem;A Coragem de Ser Imperfeito | A Coragem de Ser Vulnerável
Caio Fernando Abreu;1;2;sim;obra textual disponível — expansão possível, exige localizar a passagem;Morangos Mofados | Os Dragões Não Conhecem o Paraíso
Candido Portinari;1;3;sim;obra textual disponível — expansão possível, exige localizar a passagem;Guerra e Paz | Os Retirantes | Depoimentos e cartas
Clayton Christensen;1;4;sim;obra textual disponível — expansão possível, exige localizar a passagem;O Dilema da Inovação | Como Você Vai Medir Sua Vida? | O Crescimento pela Inovação | Muito Além da Sorte
Clóvis de Barros Filho;1;1;sim;obra textual disponível — expansão possível, exige localizar a passagem;Ética e Vida Feliz
Colin Powell;1;5;sim;obra textual disponível — expansão possível, exige localizar a passagem;Minha Jornada Americana | Meu Caminho Deu Certo | Meu Caminho Funcionou | Doutrina Powell | My American Journey e palestras
Dag Hammarskjöld;1;1;sim;obra textual disponível — expansão possível, exige localizar a passagem;Marcos no Caminho
Dan Ariely;1;1;sim;obra textual disponível — expansão possível, exige localizar a passagem;Previsivelmente Irracional
David Aaker;1;2;sim;obra textual disponível — expansão possível, exige localizar a passagem;Managing Brand Equity | Building Strong Brands
Dinah Maria Craik;1;1;sim;obra textual disponível — expansão possível, exige localizar a passagem;Uma Vida por uma Vida
Edith Eger;1;2;sim;obra textual disponível — expansão possível, exige localizar a passagem;A Bailarina de Auschwitz | O Presente
Elisabeth Kübler-Ross;1;2;sim;obra textual disponível — expansão possível, exige localizar a passagem;Sobre a Morte e o Morrer | A Roda da Vida
Galileu Galilei;1;2;nao;obra não textual (quadro, música, invento ou feito) — só entra com declaração registrada;Diálogo sobre os Dois Máximos Sistemas do Mundo | O Mensageiro das Estrelas
Georg Simmel;1;3;sim;obra textual disponível — expansão possível, exige localizar a passagem;Filosofia do Dinheiro | As Grandes Cidades e a Vida do Espírito | Sociologia
Gertrude Stein;1;2;sim;obra textual disponível — expansão possível, exige localizar a passagem;A Autobiografia de Alice B. Toklas | Tender Buttons
Grace Hopper;1;3;sim;obra textual disponível — expansão possível, exige localizar a passagem;Compilador A-0 | COBOL | Declarações e palestras registradas
Guy Kawasaki;1;1;sim;obra textual disponível — expansão possível, exige localizar a passagem;A Arte do Começo
Hans Kelsen;1;1;sim;obra textual disponível — expansão possível, exige localizar a passagem;Teoria Pura do Direito
Harriet Beecher Stowe;1;2;sim;obra textual disponível — expansão possível, exige localizar a passagem;A Cabana do Pai Tomás | Little Foxes
Harriet Tubman;1;1;nao;obra não textual (quadro, música, invento ou feito) — só entra com declaração registrada;Rotas da Ferrovia Subterrânea
Harry Markowitz;1;1;sim;obra textual disponível — expansão possível, exige localizar a passagem;Seleção de Carteiras
Henri Matisse;1;3;sim;obra textual disponível — expansão possível, exige localizar a passagem;A Dança | Jazz | Capela do Rosário de Vence
Henry Kissinger;1;0;sem_obra;sem obra catalogada;
Henry Stanley Haskins;1;1;sim;obra textual disponível — expansão possível, exige localizar a passagem;Meditações em Wall Street
Herbert Spencer;1;1;sim;obra textual disponível — expansão possível, exige localizar a passagem;Princípios de Sociologia
Hillary Clinton;1;2;sim;obra textual disponível — expansão possível, exige localizar a passagem;Vivendo a História | O Que Aconteceu
Jacques Maritain;1;1;sim;obra textual disponível — expansão possível, exige localizar a passagem;Humanismo Integral
James Kouzes e Barry Posner;1;1;sim;obra textual disponível — expansão possível, exige localizar a passagem;O Desafio da Liderança
Jane Goodall;1;2;sim;obra textual disponível — expansão possível, exige localizar a passagem;Uma Janela para a Vida | Razão para Esperança
Jaron Lanier;1;2;sim;obra textual disponível — expansão possível, exige localizar a passagem;Você Não É Um Aplicativo | Dez Argumentos para Você Deletar Agora Suas Redes Sociais
Jean Piaget;1;2;sim;obra textual disponível — expansão possível, exige localizar a passagem;A Epistemologia Genética | O Nascimento da Inteligência na Criança
Jesse Owens;1;2;sim;obra textual disponível — expansão possível, exige localizar a passagem;Quatro ouros em Berlim 1936 | Jesse: O Homem que Correu Mais que Hitler
Karl Jaspers;1;2;sim;obra textual disponível — expansão possível, exige localizar a passagem;Psicopatologia Geral | A Questão da Culpa Alemã
Laurel Thatcher Ulrich;1;2;sim;obra textual disponível — expansão possível, exige localizar a passagem;A História de uma Parteira | Mulheres Bem-Comportadas Raramente Fazem História
Leandro Karnal;1;1;sim;obra textual disponível — expansão possível, exige localizar a passagem;O Dilema do Porco-Espinho
Lee Iacocca;1;1;sim;obra textual disponível — expansão possível, exige localizar a passagem;Iacocca: Uma Autobiografia
Leon C. Megginson;1;1;sim;obra textual disponível — expansão possível, exige localizar a passagem;Lições da História para a Administração
Madre Teresa de Calcutá;1;5;sim;obra textual disponível — expansão possível, exige localizar a passagem;Missionárias da Caridade | Venha, Seja Minha Luz | Vem, Seja Minha Luz | Nobel da Paz | A Simple Path e discursos registrados
Marguerite Yourcenar;1;2;sim;obra textual disponível — expansão possível, exige localizar a passagem;Memórias de Adriano | A Obra em Negro
Maria Callas;1;3;sim;obra textual disponível — expansão possível, exige localizar a passagem;Norma (Bellini) | Tosca (Puccini) | Aulas na Juilliard
Marielle Franco;1;2;sim;obra textual disponível — expansão possível, exige localizar a passagem;UPP: a redução da favela a três letras | Discursos na Câmara Municipal do Rio de Janeiro
Marshall Rosenberg;1;3;sim;obra textual disponível — expansão possível, exige localizar a passagem;Comunicação Não Violenta | Vivendo a Comunicação Não Violenta | Center for Nonviolent Communication
Martha Medeiros;1;1;sim;obra textual disponível — expansão possível, exige localizar a passagem;Divã
Mary Parker Follett;1;3;sim;obra textual disponível — expansão possível, exige localizar a passagem;O Novo Estado | Experiência Criativa | Dynamic Administration
Michelangelo;1;4;sim;obra textual disponível — expansão possível, exige localizar a passagem;Teto da Capela Sistina | Davi | Pietà | Rime
Millôr Fernandes;1;2;sim;obra textual disponível — expansão possível, exige localizar a passagem;Liberdade, Liberdade | Trinta Anos de Mim Mesmo
Nise da Silveira;1;2;sim;obra textual disponível — expansão possível, exige localizar a passagem;Imagens do Inconsciente | Museu de Imagens do Inconsciente
Nísia Floresta;1;4;sim;obra textual disponível — expansão possível, exige localizar a passagem;Direitos das Mulheres e Injustiça dos Homens | Opúsculo Humanitário | A Lágrima de um Caeté | Colégio Augusto
Norman Schwarzkopf;1;1;sim;obra textual disponível — expansão possível, exige localizar a passagem;It Doesn’t Take a Hero
Oprah Winfrey;1;2;sim;obra textual disponível — expansão possível, exige localizar a passagem;O Que Eu Sei com Certeza | The Oprah Winfrey Show
Oswaldo Cruz;1;1;nao;obra não textual (quadro, música, invento ou feito) — só entra com declaração registrada;Campanha sanitária no Rio de Janeiro
Pelé;1;1;sim;obra textual disponível — expansão possível, exige localizar a passagem;Pelé: A Autobiografia
Plutarco;1;2;sim;obra textual disponível — expansão possível, exige localizar a passagem;Vidas Paralelas | Moralia
Rabban Shimon ben Gamliel;1;0;sem_obra;sem obra catalogada;
Reed Hastings;1;1;sim;obra textual disponível — expansão possível, exige localizar a passagem;A Regra é Não Ter Regras
Reid Hoffman;1;2;sim;obra textual disponível — expansão possível, exige localizar a passagem;O Startup de Você | Blitzscaling
Ring Lardner;1;2;sim;obra textual disponível — expansão possível, exige localizar a passagem;You Know Me Al | Os Jovens Imigrantes
Robert Emmons;1;2;sim;obra textual disponível — expansão possível, exige localizar a passagem;Obrigado! Como a Gratidão Pode Fazer Você Feliz | Gratitude Works!
Roberto Shinyashiki;1;2;sim;obra textual disponível — expansão possível, exige localizar a passagem;A Carícia Essencial | Sem Medo de Vencer
Rosa Parks;1;1;sim;obra textual disponível — expansão possível, exige localizar a passagem;Rosa Parks: Minha História
Rumi;1;2;sim;obra textual disponível — expansão possível, exige localizar a passagem;Masnavi | Divã de Shams de Tabriz
Santos Dumont;1;3;sim;obra textual disponível — expansão possível, exige localizar a passagem;14-Bis | Demoiselle | O Que Eu Vi, o Que Nós Veremos
São Jerônimo;1;2;sim;obra textual disponível — expansão possível, exige localizar a passagem;Vulgata | Comentário ao Livro de Isaías
Serena Williams;1;1;sim;obra textual disponível — expansão possível, exige localizar a passagem;Rainha da Quadra
Shoshana Zuboff;1;1;sim;obra textual disponível — expansão possível, exige localizar a passagem;A Era do Capitalismo de Vigilância
Solomon Asch;1;1;sim;obra textual disponível — expansão possível, exige localizar a passagem;Estudos sobre conformidade
Viviane Mosé;1;1;sim;obra textual disponível — expansão possível, exige localizar a passagem;Nietzsche e a Grande Política da Linguagem
Vladimir Maiakóvski;1;1;sim;obra textual disponível — expansão possível, exige localizar a passagem;A Nuvem de Calças
Walt Disney;1;2;nao;obra não textual (quadro, música, invento ou feito) — só entra com declaração registrada;Branca de Neve e os Sete Anões | Disneylândia
Wangari Maathai;1;2;sim;obra textual disponível — expansão possível, exige localizar a passagem;Movimento Cinturão Verde | Unbowed
Zenão de Cítio;1;2;sim;obra textual disponível — expansão possível, exige localizar a passagem;Fragmentos e testemunhos | Fragmentos recolhidos por Diógenes Laércio
Abul Kalam Azad;2;1;sim;obra textual disponível — expansão possível, exige localizar a passagem;India Wins Freedom
Adélia Prado;2;2;sim;obra textual disponível — expansão possível, exige localizar a passagem;Bagagem | O Coração Disparado
Agatha Christie;2;3;sim;obra textual disponível — expansão possível, exige localizar a passagem;E Não Sobrou Nenhum | O Assassinato de Roger Ackroyd | Assassinato no Expresso do Oriente
Alan Turing;2;2;sim;obra textual disponível — expansão possível, exige localizar a passagem;Sobre Números Computáveis | Máquinas de Computação e Inteligência
Albert Bandura;2;1;sim;obra textual disponível — expansão possível, exige localizar a passagem;Teoria da Aprendizagem Social
Albert Schweitzer;2;3;sim;obra textual disponível — expansão possível, exige localizar a passagem;Filosofia da Civilização | A Busca do Jesus Histórico | Johann Sebastian Bach
Alice Walker;2;2;sim;obra textual disponível — expansão possível, exige localizar a passagem;A Cor Púrpura | Em Busca dos Jardins de Nossas Mães
Anaïs Nin;2;2;sim;obra textual disponível — expansão possível, exige localizar a passagem;Diário de Anaïs Nin | Delta de Vênus
Anísio Teixeira;2;2;sim;obra textual disponível — expansão possível, exige localizar a passagem;Educação Não é Privilégio | Escola Parque
B. R. Ambedkar;2;2;sim;obra textual disponível — expansão possível, exige localizar a passagem;A Aniquilação das Castas | Constituição da Índia
Ben Azzai;2;0;sem_obra;sem obra catalogada;
Brian Tracy;2;2;sim;obra textual disponível — expansão possível, exige localizar a passagem;Engula Aquele Sapo | Metas
Charles Chaplin;2;3;nao;obra não textual (quadro, música, invento ou feito) — só entra com declaração registrada;Tempos Modernos | O Grande Ditador | Luzes da Cidade
Charles de Gaulle;2;1;sim;obra textual disponível — expansão possível, exige localizar a passagem;Memórias de Guerra
Cleantes;2;1;sim;obra textual disponível — expansão possível, exige localizar a passagem;Hino a Zeus
Coelho Neto;2;2;sim;obra textual disponível — expansão possível, exige localizar a passagem;Rei Negro | A Conquista
Daniel Goleman;2;2;sim;obra textual disponível — expansão possível, exige localizar a passagem;Inteligência Emocional | Foco
Daniel Kahneman;2;3;sim;obra textual disponível — expansão possível, exige localizar a passagem;Rápido e Devagar | Ruído | Ruído (com Sibony e Sunstein)
Darcy Ribeiro;2;3;sim;obra textual disponível — expansão possível, exige localizar a passagem;O Povo Brasileiro | Maíra | Universidade de Brasília
David Ogilvy;2;2;sim;obra textual disponível — expansão possível, exige localizar a passagem;Confissões de um Publicitário | Ogilvy on Advertising
Desmond Tutu;2;2;sim;obra textual disponível — expansão possível, exige localizar a passagem;Não Há Futuro sem Perdão | O Livro da Alegria (com o Dalai Lama)
Douglas MacArthur;2;1;sim;obra textual disponível — expansão possível, exige localizar a passagem;Discurso de Despedida em West Point
Elbert Hubbard;2;1;sim;obra textual disponível — expansão possível, exige localizar a passagem;Uma Mensagem a Garcia
Eleanor Roosevelt;2;2;sim;obra textual disponível — expansão possível, exige localizar a passagem;Declaração Universal dos Direitos Humanos | Você Aprende Vivendo
Émile-Auguste Chartier;2;1;sim;obra textual disponível — expansão possível, exige localizar a passagem;Sobre Felicidade
Eric Ries;2;1;sim;obra textual disponível — expansão possível, exige localizar a passagem;A Startup Enxuta
Érico Veríssimo;2;4;sim;obra textual disponível — expansão possível, exige localizar a passagem;O Tempo e o Vento | Incidente em Antares | Olhai os Lírios do Campo | Solo de Clarineta
Estée Lauder;2;1;sim;obra textual disponível — expansão possível, exige localizar a passagem;Estée: Uma História de Sucesso
Florbela Espanca;2;3;sim;obra textual disponível — expansão possível, exige localizar a passagem;Livro de Mágoas | Charneca em Flor | Livro de Sóror Saudade
Francisco de Assis;2;2;sim;obra textual disponível — expansão possível, exige localizar a passagem;Cântico das Criaturas | Regra dos Frades Menores
François de La Rochefoucauld;2;1;sim;obra textual disponível — expansão possível, exige localizar a passagem;Máximas
Frida Kahlo;2;3;sim;obra textual disponível — expansão possível, exige localizar a passagem;As Duas Fridas | A Coluna Partida | Diário de Frida Kahlo
George Lakoff;2;2;sim;obra textual disponível — expansão possível, exige localizar a passagem;Metáforas da Vida Cotidiana | Não Pense em um Elefante
Gustave Flaubert;2;3;sim;obra textual disponível — expansão possível, exige localizar a passagem;Madame Bovary | A Educação Sentimental | Três Contos
Haemin Sunim;2;1;sim;obra textual disponível — expansão possível, exige localizar a passagem;As Coisas Que Você Só Vê Quando Desacelera
Henry Chesbrough;2;1;sim;obra textual disponível — expansão possível, exige localizar a passagem;Open Innovation
Hillel;2;4;sim;obra textual disponível — expansão possível, exige localizar a passagem;Ensinos no Pirkei Avot | Pirkei Avot | Prosbul | Tradição rabínica — Pirkei Avot e Talmude
Hipócrates;2;1;sim;obra textual disponível — expansão possível, exige localizar a passagem;Corpus Hippocraticum
J.K. Rowling;2;3;sim;obra textual disponível — expansão possível, exige localizar a passagem;Harry Potter e a Pedra Filosofal | Harry Potter e o Prisioneiro de Azkaban | Morte Súbita
John Bowlby;2;2;sim;obra textual disponível — expansão possível, exige localizar a passagem;Apego | Cuidados Maternos e Saúde Mental
John C. Maxwell;2;5;sim;obra textual disponível — expansão possível, exige localizar a passagem;Desenvolvendo o Líder Dentro de Você | Os 5 Níveis de Liderança | Vencendo com as Pessoas | Às Vezes Se Ganha, Às Vezes Se Aprende | As 21 Irrefutáveis Leis da Liderança
John Lennon;2;1;nao;obra não textual (quadro, música, invento ou feito) — só entra com declaração registrada;Imagine
John Ruskin;2;2;sim;obra textual disponível — expansão possível, exige localizar a passagem;Até Este Último | As Pedras de Veneza
Jorge Amado;2;3;sim;obra textual disponível — expansão possível, exige localizar a passagem;Capitães da Areia | Gabriela, Cravo e Canela | Dona Flor e Seus Dois Maridos
José Ortega y Gasset;2;2;sim;obra textual disponível — expansão possível, exige localizar a passagem;A Rebelião das Massas | Meditações do Quixote
Júlio César;2;2;sim;obra textual disponível — expansão possível, exige localizar a passagem;Comentários sobre a Guerra das Gálias | Comentários sobre a Guerra Civil
Lima Barreto;2;3;sim;obra textual disponível — expansão possível, exige localizar a passagem;Triste Fim de Policarpo Quaresma | Recordações do Escrivão Isaías Caminha | Diário do Hospício
Madame de Staël;2;2;sim;obra textual disponível — expansão possível, exige localizar a passagem;Da Alemanha | Corinne
Malala Yousafzai;2;1;sim;obra textual disponível — expansão possível, exige localizar a passagem;Eu Sou Malala
Mário Quintana;2;3;sim;obra textual disponível — expansão possível, exige localizar a passagem;A Rua dos Cataventos | Caderno H | Nova Antologia Poética
Mark Twain;2;4;sim;obra textual disponível — expansão possível, exige localizar a passagem;As Aventuras de Huckleberry Finn | As Aventuras de Tom Sawyer | Vida no Mississippi | Um Ianque na Corte do Rei Artur
Martin Seligman;2;4;sim;obra textual disponível — expansão possível, exige localizar a passagem;Florescer | Felicidade Autêntica | Aprenda a Ser Otimista | Desamparo aprendido
Martinho Lutero;2;2;sim;obra textual disponível — expansão possível, exige localizar a passagem;95 Teses | Tradução da Bíblia para o alemão
Max De Pree;2;1;sim;obra textual disponível — expansão possível, exige localizar a passagem;Liderança é uma Arte
Max Planck;2;2;sim;obra textual disponível — expansão possível, exige localizar a passagem;Autobiografia Científica | Hipótese dos quanta de energia
Melinda French Gates;2;1;sim;obra textual disponível — expansão possível, exige localizar a passagem;O Momento de Voar
Michelle Obama;2;2;sim;obra textual disponível — expansão possível, exige localizar a passagem;Minha História | A Luz que Há em Nós
Miguel Reale;2;3;sim;obra textual disponível — expansão possível, exige localizar a passagem;Filosofia do Direito | Lições Preliminares de Direito | Código Civil brasileiro
Napoleon Hill;2;1;sim;obra textual disponível — expansão possível, exige localizar a passagem;Quem Pensa Enriquece
Nikola Tesla;2;2;sim;obra textual disponível — expansão possível, exige localizar a passagem;Minhas Invenções | Sistema de corrente alternada (patentes)
Nora Ephron;2;3;sim;obra textual disponível — expansão possível, exige localizar a passagem;Heartburn | Harry e Sally | Não Me Lembro de Nada
Pablo Picasso;2;3;sim;obra textual disponível — expansão possível, exige localizar a passagem;Guernica | As Senhoritas de Avignon | Declarações e conversas registradas
Publílio Siro;2;1;sim;obra textual disponível — expansão possível, exige localizar a passagem;Sentenças
Quintiliano;2;1;sim;obra textual disponível — expansão possível, exige localizar a passagem;Institutio Oratoria
Robert K. Greenleaf;2;1;sim;obra textual disponível — expansão possível, exige localizar a passagem;O Servidor como Líder
Robert M. Hutchins;2;1;sim;obra textual disponível — expansão possível, exige localizar a passagem;The Higher Learning in America
Rosalind Franklin;2;2;sim;obra textual disponível — expansão possível, exige localizar a passagem;Fotografia 51 | Cartas a John Franklin
Rui Barbosa;2;2;sim;obra textual disponível — expansão possível, exige localizar a passagem;Oração aos Moços | Cartas de Inglaterra
Salvador Dalí;2;5;sim;obra textual disponível — expansão possível, exige localizar a passagem;A Persistência da Memória | A Metamorfose de Narciso | Um Cão Andaluz | A Vida Secreta de Salvador Dalí | Diário de um Gênio
Santo Isidoro de Sevilha;2;1;sim;obra textual disponível — expansão possível, exige localizar a passagem;Etimologias
Simon Sinek;2;3;sim;obra textual disponível — expansão possível, exige localizar a passagem;Comece pelo Porquê | Líderes se Servem por Último | O Jogo Infinito
Simone Weil;2;4;sim;obra textual disponível — expansão possível, exige localizar a passagem;A Gravidade e a Graça | O Enraizamento | A Condição Operária | Reflexões sobre as Causas da Liberdade e da Opressão Social
Sojourner Truth;2;2;sim;obra textual disponível — expansão possível, exige localizar a passagem;Não Sou Eu uma Mulher? | Narrativa de Sojourner Truth
Stephen Hawking;2;3;nao;obra não textual (quadro, música, invento ou feito) — só entra com declaração registrada;Uma Breve História do Tempo | O Universo numa Casca de Noz | Breves Respostas para Grandes Questões
Stephen R. Covey;2;3;sim;obra textual disponível — expansão possível, exige localizar a passagem;Os 7 Hábitos das Pessoas Altamente Eficazes | O 8º Hábito | Primeiro o Mais Importante
Tarsila do Amaral;2;4;sim;obra textual disponível — expansão possível, exige localizar a passagem;Abaporu | Operários | A Negra | Cartas de Paris
Théophile Gautier;2;2;sim;obra textual disponível — expansão possível, exige localizar a passagem;Mademoiselle de Maupin | Esmaltes e Camafeus
Thomas J. Stanley;2;1;sim;obra textual disponível — expansão possível, exige localizar a passagem;O Milionário Mora ao Lado
Thomas Sowell;2;2;sim;obra textual disponível — expansão possível, exige localizar a passagem;Conflito de Visões | Economia Básica
Tom Peters;2;1;sim;obra textual disponível — expansão possível, exige localizar a passagem;Em Busca da Excelência
Vince Lombardi;2;0;sem_obra;sem obra catalogada;
William Butler Yeats;2;2;sim;obra textual disponível — expansão possível, exige localizar a passagem;A Segunda Vinda | A Torre