autor;titulo_a;titulo_b;motivo;situacao
Rubem Alves;O Retorno e Terno;O Retorno e o Terno;"descrição idêntica; provável erro de digitação no título";"NÃO unificadas: frases e páginas de obra apontam para o título; unificar exige migrar `src`/oid de cada frase e testar. Pendente."
Fernando Pessoa;O Livro do Desassossego;Livro do Desassossego;descrição idêntica;"NÃO unificadas: frases e páginas de obra apontam para o título; unificar exige migrar `src`/oid de cada frase e testar. Pendente."
Victor Hugo;As Contemplações;Contemplações;título quase igual;"NÃO unificadas: frases e páginas de obra apontam para o título; unificar exige migrar `src`/oid de cada frase e testar. Pendente."
Liev Tolstói;Uma Confissão;Confissão;descrição idêntica;"NÃO unificadas: frases e páginas de obra apontam para o título; unificar exige migrar `src`/oid de cada frase e testar. Pendente."
Peter Drucker;O Gestor Eficaz;The Effective Executive;"descrição idêntica; título em português e em inglês";"NÃO unificadas: frases e páginas de obra apontam para o título; unificar exige migrar `src`/oid de cada frase e testar. Pendente."
Peter Drucker;A Prática da Administração;The Practice of Management;"descrição idêntica; título em português e em inglês";"NÃO unificadas: frases e páginas de obra apontam para o título; unificar exige migrar `src`/oid de cada frase e testar. Pendente."
Charlie Munger;Poor Charlie’s Almanack;Almanaque do Charlie Munger;"descrição idêntica; título em inglês e em português";"NÃO unificadas: frases e páginas de obra apontam para o título; unificar exige migrar `src`/oid de cada frase e testar. Pendente."
W. Edwards Deming;Saia da Crise;Out of the Crisis e seminários;descrição idêntica;"NÃO unificadas: frases e páginas de obra apontam para o título; unificar exige migrar `src`/oid de cada frase e testar. Pendente."
Jeff Bezos;Cartas anuais aos acionistas da Amazon;Cartas aos acionistas da Amazon e entrevistas;descrição idêntica;"NÃO unificadas: frases e páginas de obra apontam para o título; unificar exige migrar `src`/oid de cada frase e testar. Pendente."
Mahatma Gandhi;Uma Autobiografia: Minha Vida e Minhas Experiências com a Verdade;Minha Vida e Minhas Experiências com a Verdade;descrição idêntica;"NÃO unificadas: frases e páginas de obra apontam para o título; unificar exige migrar `src`/oid de cada frase e testar. Pendente."
